contract_creation_tx,malicious
0x203866c1fe885edcbb2fd1d2b43721f6bc0e97829c2a6d31a52adda4b8ff3b59,0
0x147a1b56388209b282d7bc8c111b9613ba06c5b34595531b12bfa1d7b602b94c,0
0xf0923883b3c36e447f7b8c68722150b50848edc9407dad13acfb30ce18452a10,0
0x120aa018634f555484c088c8da80f75aa07e004f,1
0x26fa077a3c34441203fe907e3f5c1f7679ad573f695267a8554f3a1ac11ac0ad,0
0x0ea3da5f447dfc21590eb8de0ad96feb12cca678d6fbea55fc6348a7a16bef06,0
0x9d6caa6b99d79cbe4eb8829e4c108847b8bc0d2d45a2d8de373f7e9938f71cf9,0
0x8a6f71293737fc250babc79b943fb1534a34a4c23e5b4aab1426d10957ca936e,0
0x65230b427493796bb731feb61f8cbcdc15b2fd0a66694cd2fde70b81cac2fdd5,0
0x371850498d1bd60d67110d1d046ffabc10f957ec,1
0x6795ee092fff80eb0c812b6a155628d285bbc02afc1fb1fb1c4346c010f0216a,0
0x5c8abe1e0b004595c6e945d5adb3cea2debe3cdf,1
0xd99b5955913a16125994a88485de40b015d8365684ac25a18171f68facd4dc42,0
0x1ccd65d573057c388ea96cc8be30c18a6d21185d,1
0x49c3019b7a83b3c77a823255533975969027308d,1
0x99625f34bfb8e0d4e078f6daef9abec2aeddb92f8f0bcb45a4cfc6da3bfef54c,0
0x34debd9473f4a165ffa33c153a8a945a445752045fe593b48183351a071d495e,0
0x30353d10905926d088dcfad6e7fe86a8982934c011a9a44270f1d4c166654464,0
0x1b4ce132e02f4f942d9415bfe0879a34e4200f3e5289da4c3400eaa288c06d16,0
0xf50e9ed7ce5ddeabcd213523399078a3151c69cde08545c80662234abf3446a6,0
0x3ac15d0bb1d0e23fcf62e7c6c11980b22e2331824463a3a2eaf2cb1f53685569,0
0x0149aeccbde7d7b1af8cdd186711afb6014a8fc5d31e63af7d0931089b550ff1,0
0x3c8b69b48da2e09f272fee2eeef7fdba5c1b6d67d902aa7d07b9f4abfcd8f09d,0
0xcb5a5f1e02158c9bb9d65667e02ed9d3c3d2e043aa568aaa81219b1bc19423d9,0
0x4a5a8b83443fe5f32534b64cce64931c069f3742,1
0xb4bb7bc721c623ccf8762644d931fc7d6091e76ac76500bc5dc024728b8de1e6,0
0x1826021bbda8d7a7ebf2fe22be29eeb4d36088a22c99cbd51d487db2e15a9cd5,0
0xbecb2125e7f3354215c7f9fb2898af029d896034a7d9063e61e86a991d87e4d1,0
0x40abb45223cb6d59faf511e6b9e5d81f035382d6be3e2567ed2dbb396c02213a,0
0xd9674a196595711ffb6e9df479bca7046ca61cdca51708416f910cae348ae29b,0
0x635c8988d8ac743dc3586149449ff74350a89daf9db10611c6ec424443594619,0
0x2f04953b21c9eef5a91923eeb42fc2fb74e59c59710baedf594b063a7bdcd972,0
0xaef6d13111c23002e78942ede2f8554d6a43e6efffe00a20b32553bcb451ed3c,0
0xb7d613af30f7e70d33deb13e23387385eeb8f94a6c1e15236f683df7a1a8eeb1,0
0x1529d38ec383c9157d2547456428735e1e9898bb,1
0x13562d1e5c3b8d0e98e574dfe260be5073ff1be7b410d1fa5f0fa47b674415e7,0
0x31f5702264335213bf6af8f229067004adc0685e4b7240cd79fe41b0c0770926,0
0x4b8705b0f740f7b51d746c0f626d06b8cf25814b,1
0x2045bc3fb6390d878365fffc69ba8c19c9b9c69f990037c94c9b45ceb220999b,0
0x516254575438afa29e6bc78edeb3f73d497355592ea40d6635705fbaeec14fa1,0
0xcd1868d9fd3efaa539de17bc2db76d3f2c9cbdb6db4cb1b3ee3bcf9425f35f66,0
0x52e8ebf98ef95d373d29041182830bf13c52588f,1
0xffa3f422cff179358e429c780977e944e2936e22952a0b8043ee1f4d57d4a670,0
0xd08652b13c85e7bb05553b71fec58b8c75c177f664e7c98afb35c3462fdf6e58,0
0x17680b25970322e8bbeed39fbf676ae42d814c640dddb09ff1921c82a08d3254,0
0x14a8c0975313bace8ee8e53b51eaf15c6e6b530efca83201ba9ab9a4a87ff128,0
0x0fb1f14e9e0f0093ca5ed8cd422a105fdb27be538a0d748791f277b51f7c9458,0
0x93d3881ca9c459eda0b2ac2ed63c3a03f6ab55dfe808162be6377acc145ef4c7,0
0x7f622d87ca2794ce79adbdc9fbbc4cb536e1fca468754279f0bf8cfee32ce9e0,0
0xe8924d297663b6f83a49e3fffa94c8ae99ece407ce252efee69f53c5662f026d,0
0x1d567d8aff275e6e9b7a425d8bcee8f52311943332b1904108e0c55141c738ed,0
0x995fcd8d31e90f245d70d77ae2b2ad30f011fc0214a2dea1613e0e0eab45514a,0
0xd2e0a0ffa621f4483c0a2ed6a5c9894b1b665a82d34687f329fbfb0ea549de3a,0
0x370f920c06581aae2f97e8d6b6ef07265d27e07f7b3a372c130bf401f5507338,0
0xae7321370d608ec05006493aa79ce0ad5d9d3297a01c5cdf433553d2c4040d9d,0
0x3388bbd7c53faee1b7ab2661af7f0a0884ecfe8b,1
0x2bca419e570b1620b5e922fc005e806453affc83,1
0xa11e0d630949b30d90b4799aa648831808ae2ec9ba219e135a3902fb0fbf1bcb,0
0x47426fa09d215a93358c0534e082dcd1cf1513551ed4b7185354c439563270b1,0
0x013104a6c328499e70a2952f549e4e36274bb78d5b30b01093395e7ecf4db322,0
0x976e94ad1ef9eda82afad64125e5b2b5d26bc71904d05d2352bd90491f53f444,0
0xc8f7a32e69726a547749e840caca21b70a6074115066aeb828d84bcabcd58bfd,0
0x170124d4983d8ffa728756d6df0dad61e9204c21876444e410922fcc459259af,0
0xd5d47733c3b93ada1c44bd053371888823110b139307575e9f3b4abb645977e7,0
0x39ea2b4cbd087f7c2abb5fa2ab2416a24f2b4a9f,1
0x4256117a02ac880335f8bfbeed63f92ec0001a5a,1
0x537b3cc2a6cfee7c505493102922474e97fc0269,1
0x25fd22e3f3ecf07d1fb1cde26d9484a540c61aff,1
0x3e2b9f6b67fc972419af5e9818281b745a6bf83b,1
0xe4b264318cc6cfc27a608a64e7be3e7e9de2f34aa5be2ec59bb15c181454331a,0
0x0f170120733474c6ec7daf6ae6aeeeb8b645e92c,1
0x6aa88299d491c09d3168719bd8434c9ec76baa841edfbb8d1ca8b952dc3c4cca,0
0x40d41643485bf938723f804786c79f5574e0364e344f2b1b6107bef9f292d0a3,0
0x28b948e750cbfadb7d37f929435ab5d268c59582afac255eb8791f377aa710f3,0
0x4398a4a10347d8f18029c07853a7a689eebbb925,1
0x63128799275d4c40fcaf546c1012066af1fc4152e1161ceb53311b992159123f,0
0xa226d72a6d0578a333f36d6862b103b6013c58a975fa3661492027e9c668804a,0
0xc9294fcb74ea45ec39faefde7c862d5f8503a0a18a409a0787e7f6e751b37d3c,0
0x2734833238deed0f558092ce539530b97033766dbd7a1cfc43c1db05bfa23970,0
0xe1619cc1f00ebdecdfa6dd4845a7c5565ee2bef107f6bff8a7dbc006821d14a0,0
0xb75dedb960812cdb852ee2bf0d77101574a7a7c373d050e0870397405a1cbdad,0
0xd17e4b85e2c553a2db62bad2ccc75e35929af14d59e0ff4ac0534bbd5579714c,0
0x37b53b46fa74ac3f9b4340dc5a39aabb0f2afa33,1
0x20d31839ad1285d183f1de73193adc7653423bc8,1
0xf6d4994fda597f9e47baf800e2b02fe62573dbef2875a8e03f9b3dbc4bd68e5d,0
0x20f50f7bdfd5bfb6d2cce08f4e0bd02d66f3a494c24c4d040bf33cf5799e9793,0
0x76fb1e933e44ed62e9aedf8da58bcba79f5087f77124d1382d3cf9e75132ba41,0
0x20f1ce2ece9b82fbe501cf4ad62dd7f7dce52534,1
0x8f120190eb871007d3373da648f8d96d16b81a8a4a4ec5db4cea74c43de71c30,0
0x34bb6cf517abb83bfd8bc4e41ed899810ac49b58,1
0xfc1e93f211f7e9c93c2158c7dcf0d784e4aa48699c9308024e163812f8cde63a,0
0x4b17f6b875afb84dea6bc3250bb68db45d2344d367874fe34407580ecd25e3c9,0
0xd797204b0af9a40560d0e7bca7f7d5c329c1f846ee6f686c58726da80dcb81ea,0
0x377e8885df58d0a1d03f64c4eb317793559e3f26,1
0xbd01045721529a02574222c317fc5954da5ef319c4238947bf21dc7110f03ade,0
0xcfb517b804569c7662f8dd6f17e733c33cf988f459836a1f9a0cc62b4524e5a1,0
0x16b3dd2970ad3f19c6068c65777530830d33773e,1
0xb2bdf42d09e469b90df50a8337bd8cea5d432036b90ff1afa73e6d6064003bc7,0
0xb6be414c2292d1e59778d42e1c503f919e8706f32b52dca2ba52a6a63fc918bf,0
0x15d03b33f8abd63059655b98c586f975ffc63401,1
0x3c0470b476aa3bf615bc828a6b2006aabab440da,1
0x6a8dec40f91d04b822ae11b06bbe2b8ea7cd4170062280be5b170e3e45004ba5,0
0xab4b702dfb0215848afb5a8ba1e428b4b3bb2b8e53b0bc71e13813ab4c6b0f0c,0
0x66e4f22f725417e20378ac811ee9c3e8902f8e4da6268e41862df6637e190485,0
0x4d5ea4fd1683d0e8955e3563e91133ef5e532269fc935aec5b279d8451ee60ab,0
0x9d21dc84c1efdaf843043c55aa6bffb7e707e4810a1f190958dea655cef68146,0
0x64b9497199f70e2056012a56927c6c4601e18f3d2ae73653b66b9a0cfef31d1e,0
0xb890a361110dcf2b7eb576ca9f6739d02dd83171172431d606c98f1179f4772b,0
0xbb8319f893dbbcd7ca9e43b9c0e9482435ffb55286e243694f2a14cbd70ff1c7,0
0x9d970965f3f64376cac9d9bd7e2d3d0f21f57bded550ec86ebf18d09d83c8711,0
0x2b7f2eb5a9a503d17fbafb119b2a2b0f3223610991e70034bcc8ef75076fd6d3,0
0x1d842b5396a605e72947ba87390ce7c6edc83b9026bf62d369b6cb9084711bd6,0
0x2f79bdfff0592d444f932958ebf069c84e94587ccc0cab03a604a9d787058e6e,0
0x4d9cce628213a45650567eac58d37992032643f2,1
0x388cf3c02c034e7fe8ef164a2b414534fc212119,1
0x1baf1e57feeb33ab9853e87022c519cc954a918a,1
0xf26bba2881b7ceab5f2219154959d046f3770aa173e0a46d1cb3b03b524b79d1,0
0xfbb84a0633eb939092c40aaef8f5800e90899f919212647a2bb03dc5147558f0,0
0x758081c479969c720d4c1f2c32d2d12212f6edebea8c7fa0c3a435c544b988f6,0
0xb67832ff5278ff96876a6b7adc61b48aa3a972e9237c4b4f82bdb1e7e6af7c0d,0
0xe6fc0c063cf502ed5660eeaf2b4bcfd953bde2e9797810cb33160fc3bf3be1da,0
0xcd728a566e0b32f1ad795b8e067dc017f4385cf95a2445adef6570630dedac20,0
0x4f4e0f2cb72e718fc0433222768c57e823162152,1
0x49b3badc0d0cf03f56aa738676de162c7e584aea,1
0x198cda036a799dfa310fd0850b76894124ab7c47dd7c3b463d07c9ed8204922b,0
0x86d02975d19adbbce3ef1681e9de58c604ea9faa50478e4a7cb8a0e7351444a9,0
0x14f1495e78fdf6733e4f340798a5822daf7ba3af,1
0x49358a824c66b64a2f0c8bb3c99dd73586afab16,1
0x2c01078f8348d6fb714175f929378ae4ef856138,1
0xe0d493bf2095477960a571f99a0b4585a23fad8098f51908c0630cc848354635,0
0x2f848b4a2b5dfc3b9e4eb229551c0887e6348653,1
0x4c334f280f9e440788b66c4e5260c03e4477267a,1
0x6b52e658bba0950d6a8577f6fffd807e55c008172774b60357da90f209714cef,0
0xcc274dd58fa6cb9142dafde9bfbc984dd0b412feab109f0d8fecfa57b2496eeb,0
0x3ebd76b25a453252ca6b61334ed6f156bf5dd928,1
0x13fb843c2d089dd14268492bc2ae1fed73db6b7a4aab75de678730e82f7ed42d,0
0x6efa3235ce17d6f5476d5725e760602083730375956d02219349514d5ad02774,0
0x22b72c5dc059eb3c04f0424c0ca2528ac31e5194067ad0abf47d274b2bc3d1b0,0
0x1be8057d9de654f3856799b93a045cf78426dc1d,1
0x33aef4e51518b4ae9b1cbac260efb8cef3127fde386f708fba0cb37516b321cc,0
0x05acfd51008b65940a8fae29a4f536293855d69a9c62b0aff580ca837667ad20,0
0x11a819db732e8af25dcdc0f885d3e26a016d8cd081fa281ab0bf67577d319e92,0
0xe4ab77173af8c01bf89f0fc0f92fb5a4c3f8eebdf31216d9db5d45d74f679217,0
0x5400a3d02aecc3e5d8d679758ff7f0dc1a3e7eef,1
0x75ee463774cd65cfa5bea7493dc2ceba5973d0ae2b680d9334a29216af3f5479,0
0x6fd4efa7b88999b8f93bb8ff2e58112cd2f4db5272220ebfa97fad4427073322,0
0xa5e77d3063b76032e95dffd7dcb4a2812aad7c56a5375d07e168b681d0512780,0
0xf05221e985b3bbda8b25d360285d1b0c00d4177f7d44c6b315171fdb68429960,0
0xcb3bd19bdb3bd3003bb7ddcf3271b6f5e9540c517b162ce6731fc43b1a0a90b3,0
0x137271e5bbd8070b1431fa5567873cee0281d467,1
0x141c7c124e574a9be8a2ee654ac3b0ddc2d884be,1
0x83236c06a1d24a933a283b52369b30d803b9993aaed9c550d87f52f676be47a0,0
0x1855585440e3daf1680d94a0c94d77ab2799cec4d5f17d58bbf0fa10afe3a581,0
0x8c360eeb7c287157323c557298faaa2fcc24d4cd0b09254ccf7aa75a120bd72b,0
0x3401fe9880aba83f512e7dc5296997af65078b3ea1510e301910065bea106147,0
0x144c5b5141cdab13e5b5b22165bf6688ac7212bc,1
0x2445a973209211667ceceef80eea14067440999e55dd6691c34ba99dbf911600,0
0xd695de3d99a5ac3e45d944c59802d24fe4eb5ac5ea96a1bcbc3287dd7d0f38c1,0
0x113acf282eeb4d71bec61ad83e934bf75bf8253f,1
0x5158cf97c3e001b402ccb0f9063736ee8d6dad5a,1
0x24ec083b6a022099003e3d035fed48b9a58296e5,1
0x34737b584a87d82323e8582b770a0109779f16fc6e8711576486df4852935efa,0
0xac57d318cb55715ae2a8924cfb1b2eead277c42a9b5eccb73a7e1f54bfbe9104,0
0x53f7b6feeb931ef77d98a164b7cf63fc1a81bda34b68f3f8487dc194a1d53333,0
0x5233816151d616581993fca4988eea77d01e933d,1
0x9c77983aa873670ea3e71add6eb268678864bd00230cbfc2e16c84a493d46e65,0
0xe673c038ead63fd8fda92d118e0031d3d5bca588b5fc1c13df27b7aed8856318,0
0xefa19e207123f9132e598b15be7a40c3d919a022747f38647e053fdff958224a,0
0xd894145118463a3bd4e5d6e9edb6495daee174849a730b7315fdf64af26db576,0
0x1afd952269873fe009c7bdff5f07fd91605a7227,1
0xf5def427ce61a7dbc1ea29c7e6272a0ea61bc9ed874627a988a6a2eb2c6676e2,0
0xe635cbd38e3e4589ca0a29ea9b1e16637964b7b5a60f4725c8d32443d5ccf296,0
0x4a008b542165fec7ec3343a35ceed6bc4f6b2280,1
0xa9f8ece639b6ee9b5f575af4e8d49c21f8731e652b6e884ec21400498d73c9e0,0
0x0a0c2f25f09a034cc63b151f2f4b5107f5715906182f3712647bb2e2d73ffc1e,0
0x0d5919572552c6c8c752aa402bd033f2b2886bbc,1
0x555aded7f3f9eefab92639a89a2e1ace593306b74d6e2f937e32a7f7286b2068,0
0x4a5ea28bfc8c41e5ed2bd0709f357195c7d4b60bd195c723278dbdedf3504292,0
0x7b627209e7905de1de79fcc3b17dbe4cd86ae55e2dd23d1f9afb61215062b57b,0
0x581cc257051a34972641d008c3915a75771be274,1
0xab2b274ea9d20f7a39e9d1cdc5a15e8f0a9dab155df76e484e25566192f02155,0
0x4fb663c1616bfe80b5b6d5a214efa81d5a121801,1
0x1cbb676be3eb5f72993f597071c588e380207a4519d86d7a25a2cea25dc74a8d,0
0xcad0afb8d2d4d9a1cb83a9576a7ceb6e296dd51450debf626795463ff6278162,0
0x1352021642dc7129ec89e4ed670f37f9b803213e4aaaa17fc580f1ba9ff632e2,0
0x1c0dffa23f342a62ace37bd4eede6180c40ccbec,1
0x7ac78731efd7ec980f14d8d144e51b85f7e5c870f88e713d7c59f1b97982df07,0
0x2f58d78a28a1a016bc26d69145f8999b62e37d68,1
0x172b356067e89680ef5891544c353a1b7986180e20a4cb90789048b25ba73eaf,0
0xa2740661f1c78b8d68eede7791c72f6c73c64aa2e7ff5992f549c0d7de0b1928,0
0x01780c79d4136d0ad3d17e798ab25270de428d7d2e2fbd099fb073822d4fcf82,0
0x2abe6dbc3d9a3d731db69a23dfc58827c0447cb9,1
0xb8d860dcdc53a8e52e8461c9a3e8c81c18ac6745587741e637334275e4c10099,0
0x51170b18bca7896b49c52dcc18e66e5c921e100f,1
0x9e5697fc18f6a936b5d449eba160506cc9d115577a3df12688e0fa07e03ca987,0
0x11c16cda78b714e14f41d4aa49c31fdc4a8011ec,1
0x8909b8b136511bd8d04b1104e56dc8487ce24f3e2cf1d2283d1126932c782239,0
0xb6630b9c7539ff1daddfe31659567b4bd70d44804700c5a2e92764b30ce9511d,0
0xcab12a8fea71cac1742cae1fe5a1999f587c7d89535e60e56fc06365ebc5d1d9,0
0x2553e4f887fadcb4a15faabb5a6f3bed580617c3cf6303809234e739316b8de6,0
0x5191e79864e0863e76abbe4cfa5d5458c8ed695f9d77d2e6f69568bf778eb882,0
0x229b709e63082d3150f5c9748b8934674917f17d4a0d7347f9be8b46ad88106d,0
0x56987e24980ca31fb7a870bfdad309bde91b4b6d7bf8f4c18a3f7847385d9667,0
0x539ad287319931075038a7a52a858b49bc6c3beb79cfafb104353b24ba37458e,0
0x4d9f1714363d4cbddfec9b8f8469df594b2368d5,1
0x5fbf1f09965b22131c0b1f7365d75c65be557989840ede3967f553957f954b56,0
0x779945eeb9b06ef59fd23a859b542ee6d36cbe7e4fc3eca60da76d59fcab554d,0
0x3c3a690777670de4f401f4ecb7569961443fc689f2d53e56a8d69149057e1a99,0
0xde2279b34eae280830cf24670a42de6a1e27704e25eba166239bb9f30c66575e,0
0x32d77947aaca79fe5485560c16090721725f2b84,1
0x1c0e294310091654beac3d191089d3c376be123f,1
0x38da7b59b71da29750bc6fe505357f2a3ea2b6594d6c48bcc2192086243b3d42,0
0x1636ed98cb49479f5dba6472de2626b4e62440cc3a46b146a751e57086e75462,0
0x0ca36bf5e68d981ea26d5f61f17c4b5f42d07e33,1
0x96def59f65a3a98f5fe25389906f5f308089fab3d618a4d5d678eb3336e34d75,0
0x98637e1fba82d57d7289fee771e970c75ac4a38c8d3f185154f14e1df7c547e2,0
0x3c8150dca5876be7dc57f5b8a043290e7451beaa3bf73da8915fbb5d3a28b235,0
0x520b9a2a38cad91b1d698cbd40e7e59b39128164,1
0x4ed378811598b74dbafb9006fa6a45156c1dda4e,1
0x52b416e284303b223cda59ccb3d6fe0e422ceb3b,1
0x615cbc71c9729aab3a8ec60f15205bc805b1aa3c6d2d2a7dfeba623667c805df,0
0xf5f857e2eae47d62fc46c679e7c9303af81aaa7a5f30d3b3a176504509373d7c,0
0xa9e7f51a682a0c271eb3cbe2e1a8cc5324d7d029058423b69c69b02dfc43a714,0
0xbd11d38952852d7ff928f8e5986dd4ee397548d5ad13d6c6c4d357a75fb17e67,0
0x39d834c42b22124b7f6c97dbc83f556eea23493763cb955effef8ab10349bace,0
0x3c2c737255adcd629042fd93e2123b285f09586929097d5740e777ea1b754683,0
0x5a0014bd5fdfa9ccd7114d150792f6829b2171de9b803768f98c66848d8c0729,0
0xf1bd0ac0f87abc71565226f1175c5d23954c68a38cb6f4300e71549c2d58f769,0
0xd23df412e84d36ccdc949fb97b1b842529d03b0376314c1040e2431813628ab4,0
0x38c36d3faab64c0770af26cc6ee95d91312bc53c,1
0x8d6aa202b37bf850600e963b24c36e6d8637a9a178c8cdac15889d06f8733ef1,0
0xf620feea725eba477cb41e15151e0df53a10bf6c1add3665a47fb35680c066ae,0
0x5fb3d432bae33fcd418ede263d98d7440e7fa3ea,1
0x22ee692018f3a1c039c6807ced8e7db5e1f8713b03cb024b73e94e1ab9e3d343,0
0x9262eb4f0a25f44240d13951efc4939cc292962560d04321be990a920415fdb5,0
0x2a095a0151830e97d740cd5f06601b100b3c250a,1
0x7882a36383f63529eb604c19e2120d16e2f77795dab277e4e9a3462870341285,0
0x1581b2d64ad12ee8adf1b753e73cb87856f5ff3676a2371a2678d99bf1c82f73,0
0x3cfa453effca013f22eaa4747549a88f0d9a2838,1
0x2ac2c63aa96db88e3be19e3833e4982e13638d0717372f0e173deb064cd2138e,0
0x44357ae7512fe99f55cb94a85f3e947b9143e76c,1
0x620e59769085f69d2712a53aa0436821218e1068,1
0x620513b0383a8337745734a32e9a6c4f3c03c5531818a471d33c5ba38318a184,0
0x70aaec9974d86cea80437dfc6d30522a135e86b5faffc722f634965d90ce2fac,0
0xdb29f14840c95a96ae85101592dd286d0729bce99bece7fe713466c83d942ee0,0
0x9a02f970cebc6ea8c984903ef222a1d1cbe1e398c4ca7b69084ce3fa1b1666ad,0
0xc34e0c3264aada2704d6977261ed9f28ba4d4a8f40b59dc994060e431ec2146f,0
0x54d9c7b8b1225b6b4f188edf6e8d9ddcdda47273098886243f45d52dc01a9ee4,0
0x38ef1102d2f4ced091a7e08a887480d761cb3e0c9dec5d721443c3ef31dcf946,0
0xee82665e1ec90357b48759da662f4ce555fa2e423662fe4c029f2993bf7a7079,0
0x5d959e397c3e7205c8359caa9de89d7d6623fec07957ab75c3b0ddc6a1520f32,0
0xf57a6d7d78d9719d4ac32be1b2b6c489b478fb186f7974e8e6abcae7be519794,0
0xcd8c167ce9e0318b4dbc2951ed82c40474ce72f6271d1cd3b49bb5e0bc860acf,0
0x29a31031263ae15020e820f4b7faa3a5025bcbad,1
0xe7bbed13accd88a3474be26986a87490f296dbeb3066a24fe281b4f1e04c396a,0
0x623af78f9bec03f1a7c21d4343735b1da5a80298d42a2250fb3e47c585133f79,0
0x9af0dcbf1725b262e118b57c03fabe9f4850e8bd39ac256a1b49ec39300bf50b,0
0x2897f1aab78c2f966cfda16539afe16232909daf,1
0xa5f125b4e1d1d0ddfaf62cb99992ef821b3df803ced80715b24f7cd11011acdd,0
0x4e77a2958c3cc537865c939c6c2e829c644e575dc89cfecb31e0355d26970c0d,0
0x8b7bc4c1fdbc90ac56f61d33904010d18cd6be336daf0a691865d7b8f08780b9,0
0x67a75f47e9124e5117ebe78f9489d14ddefeadcfe993c32497cab4ba7c746076,0
0x02ad4391544b37def5d0f4b673fe87cab50719fef732cf29201359f6d87246fe,0
0xc213d94004a795ed69b3176f5d9108b3668bd101c0fa17cfefc94a00be872bbe,0
0x477e83fa7dfb41e64daf20ea6950bde9ea9e253c,1
0x56ec604f1f383d4ad5ef5bd8b704b14b8ba4d2843267bcc0f894c4c29eadfbe4,0
0x85e1d7b9f5a003db8118c548110d41c438f44452c92f116d70cc5de678885023,0
0x324cb5b8b1536921f7029364f437baef08c76cf92dc7e251ddc65b3212c5d0be,0
0x03bf3f97236f653f404f99b7f23fa9d97672ea97bf036d234dc056f539c78c33,0
0xa8bbf48b598c93ca6b1ea317e76781b2e1b77636e0c1ca27c32697b16f275deb,0
0xce633d4f724838d128cbf5e64ca6fbf95c0f3266ff62b5c01984601e012fa2ec,0
0xc7861c2c7a00d52761f74a65b59246aa095867a49f9b23899dbf2a6e94c04917,0
0xcd71fcd085e27473e701bae509c6cd2d8be8bd735e7b5460c487eae7cf1e7b8d,0
0x47ec3dd8fe054b51a262fcc7cce0bd127d44ca4b,1
0xd243647e7209936a5235d583108f830a3dbcd2f5d73fd0a45e61e0c053250eab,0
0x57e9f09953b3943741797a848dc6a2e74c9e14184b74f761921b229ee601a5ae,0
0xc50d2ddcb99a6b3b8f4fc170be6027784f0e5874f3ff4ab96c2a3f301f02e06f,0
0x79e41799591e99ffb0aad02d270ac92328e441d0d6a0e49fd6cb9948efb40656,0
0x356870686fbfb1fde2a0381e33fba6134d46a65a,1
0x9efa18e1ffd59a6a633faa0dc105f01c748986b0db09f5b8c119f6d0fe126b46,0
0x1480968b9e35d216bdb367a883cc155fb6daf9c4,1
0x0b29e7469c2fb9ad56136303ba661a7bf845b1368540e53cdc523a14e227782a,0
0xfb3e957c7911230b1841457eb4ed084afa434769f0a799df1c5c3bfb52c3195f,0
0x64228156693643b31e213d509ccb9e912da297783a50ffdc814d4d473a34df21,0
0x25d0bcffde7a30e1ab80ca654a16afa3ba835de489257c12262208a590d29055,0
0x34278f6f40079eae344cbac61a764bcf85afc949,1
0x1f0472cb6e388f3e7be73987afe0c41e579364f1,1
0xf55818cc4e2e53cd6059b4368790d7bd13346973e5d15917f99e83142a34de97,0
0x94bca9369a8f0eabf45b65e2ab54dc8387812170246acc60f850c09f40111bd5,0
0x7960695d01d29374b5f14e7d35378407a8794b8b3874989ff8bbe71161877265,0
0x2e5e995bdaa495abaf2af499d682b0277d4dd66b,1
0x0de0dd63d9fb65450339ef27577d4f39d095eb85,1
0xe5fc94ae442b41dac500417d368900fd67a360bcecf0a006e4f7d1386fc8f600,0
0xb77c99e023e43f929e5e604253d6fb198ab89a3b40dad7a87fa2e1c62f043e26,0
0xd970cb3a610230b981181b6a3c2f792b94655f3ae0c75ad9583567eb0ffcbd09,0
0x9f725dc24865cc93c7f78726ed6b48b38bbffcd41eaa72176487891cf0824572,0
0x87db0d323f417ba435a97cd47dfd1e2dc26b6cb23796c125df94f3c234915bc4,0
0x1a2c53d132ff8a6e26f6b32c0abdc179b94f0721,1
0x8af40ef248f6748c40743152f77763bb2f35bd0b726b0b9ed98abbe77f78eea9,0
0xb1e590fecd333bfb02318a7e45770fd23aa306c85536ea58b2c12cad25a1134d,0
0x5f37ff0af52b2ff87fe154df93802df9dbf042b7f754df316683715f79f36551,0
0xfa45b97ef0239291b5130ec551308c7665d41b4548b8dcb67d1480e1df46fbd7,0
0x88264712b1668115a4a494062eecd7d0bb7a9440ca96722c0280b23dbd7fd847,0
0x899ed73e7c98fa30349228a567513ce64811730b72bb0656932a55ee747ccf8b,0
0x1fe7a92013b295ff98da0954b7a08e603754a1bf,1
0x5f856630adbc27c0f5bc1de1961d4f0fb1805a29,1
0x0f26c26318872e8fa85dee5d30cba45ed53b3d3e,1
0xadb0635d5be8c4802122e273ca8f4acce60f223cf9f3cdca2bff3a02357532f8,0
0x48a421a2905fd4c021d075ec049d1db2433242e4,1
0xc98be451865d0eeeee7afc10b35b8f8088f0f45939d4d63fac114513b13fb204,0
0x9c4d67ce07a82c8f86d658e067f93fba44494c212c9f06e57698f69b2aabd617,0
0xf875ba31530baf893003f491a4548b630205200050743e65aab305d892afbf58,0
0x42743c83849d81e0d7343d8f4054da4a448a1dac57701be3b89398fdadf6c9c1,0
0x2e3c679a80008015dfccb71096b6241751a935aed9ec803ce3559f4f87754e41,0
0x97ab22c1480c15fded4b2596d38b7a8e6afff04073ce7bbdb8ea2278a0f944b3,0
0x4f3db6d4c97b8248ad5e244e4f619086084f6848,1
0xe74dcd08fd299a0bd83ce6782769ca052ad2f58c968a2636781d51dd844c7c12,0
0x14d7a3f1767b94b366ba29b4f774588459359f27,1
0x0ce114cfc3c31a259569a8127022d8e04cd33a9b62cd48a75b3300a4399c2b1a,0
0x32d7b7d8cf9b659c0bf964ccd5c788aab1e338693a2d56dd3411f15a4923edea,0
0xa20c615a861a4714e7a27e4a4a125eb85559acc7c13e6f1c1b38c523f8a3a5c8,0
0xf3fd652d66fa1e7126febdc11c7a189ae413b663d2275fa285e3f6e168f81b10,0
0xa24f3b022fbd533bcc7f61b0be223dd3e0c1427023991af31744eb1753831438,0
0x7ccddd47090c68a9f6b117f24951e50bd495151b353fe7e7dca6323b39f839c1,0
0x2cdb253c0e44a284f6174ae90b5ea247e6cf3649,1
0xef415e5401e7af12cf4449e51b4edf41b88177f166824b624fb3997bb664a6c0,0
0x277e851587eb5da22b52a10f4788576e68150277,1
0xfd1bb1acbc17e6cc29db89b33f04217f414e702bfffc315b078ddcb371e9fb3d,0
0x83b38b7e88b65d212e6a27b3245fd011e6e77b6949c25b81f59a6317646ecbc3,0
0x125afed1eb0e75c20d919f875f0c952311a8af40,1
0x1883a07c429e84aca23b041c357e1d21a2b645f3,1
0xd57f4f0ffced69da789dd294796fb81efb97a2e54a113fbc796d229733034b9a,0
0xf7d0f5041a4052b228f246e57ec59eb41bf4f56d98701e7fa5508e36361b168b,0
0xd3512e87f716c821bc5942b08faed6499059c74506da58a1fa593cba438f144a,0
0x311f71389e3de68f7b2097ad02c6ad7b2dde4c71,1
0x57b818a1070373e21fcedf48d4368e1703c75852,1
0x919bd92968b2c61bf52aaf4724062d3c75e8be07dc356d41170f1bf3b4cab774,0
0x8a226e12286cfa667cb803456fc08cbc0cffc8e061a4fdcaa1c2bb3da97bb864,0
0x2b63e75208e6802ff6140ee831a727cd144d54bb91bd7e35bd4fdb9ff5a56faa,0
0xa1cb7504479221076c5413c1feff8615d819c63cadd4db69adfc048d73f6df2f,0
0xa0f9ee6fcc194ff1b8a734df50916ef0e2e01b05afcf5d9ea8d40024762edcb5,0
0xd73736febf44152b3863ddb1f836323ba705721e140521d818ac62ad7342b082,0
0x1c3e61c8825bf58303b1ac3350843faa01de22bd,1
0x0d4f74c538613ed6e6c8c1bc8896ecfd45f5ef23,1
0x0b5a11a8cfe8a4d7c42f4f49c768a8c640951853de07665160b364345aaee5cd,0
0x6c36f0567c45747a7aa6028fb953b18283d52e1f0b46654f396f47d71f041c58,0
0x15a56ba97c822791706e5e051dad0cb2063fea84e870a2f84942eed985ca7f82,0
0xc9cd384c54a67c9a6fbaf5c24bdfd30882f5e3403c1946b09fde6ff0ae5c084a,0
0x39a8a4ebcfa6d6de0af591a423d432e638cac66cc599d3e341761189e3c52aa1,0
0x881998624bc662c4841ce2703f5e7329325100352ef14b738eb2546735f07479,0
0xece587f19c0cd7f31bb358fad8a95f30d5a8247283d3ffd23c32e022bc420a80,0
0xa9b010255fa4dc4ba7f6f00d312e533b57a48563208a60f278ececb24ced982e,0
0x363ced776bd11f8a5691ec6e984dc051d69d58b1ac8cb836a85075fe4eea6e9e,0
0x7cb57b0abd3f519644a8272410560624f2e086ba517c7ddc5d6f0eb8f4fe45a2,0
0xe42e3defb9abb7c97e86f597392c1119ea6a8566da8c101f16153aeb8dfb35ba,0
0x46f1d9a0a029c2775d4279475d9ed38776b3a148c3377da55f48cd7575d3dd34,0
0xd3900fb45978022abca33028a697d318bacf100721f7831270426b1981c02c7c,0
0x5ba53eb789c7f017fe3cd8027fb01c5eeb81f697,1
0x32ac17fa2d2061a8a1f03b33a9dffc0bbe6b8b41,1
0xd178277f4ab273f6e1f4228ae9809ae7502793a6f89992761eac1c24ae65d1d4,0
0xa55a1d90d06c3a193206156f155647780e4619f23c1bdd0fa16ac5d0218c34d9,0
0x12bdd579b6b40e55fd0e68110c46f30c945cce978684fac459d23867d820e038,0
0x461eea2e3523ed4b54da25e65926cd99c6e1ded9492664af85b0703133f472a8,0
0xd71d3c90adcce0fabc903fceed668561c92f5be5d8837295f9e46e2f6d99894e,0
0x582b2489710a4189ad558b6958641789587fcc27,1
0x4b26e425fe0613eda7e60a3db40e8ccc491024f58816b146a66f25a87a1bc118,0
0xeecae5278c3c2d0faeca0f7dd5e7000d41a5e4de50f2df899bfc5d1406da3559,0
0xd9a16c9e1681aefccdceecbd11601d0cf2d29c67ebced81b8a514fccfbc76e1f,0
0x2d15e84ebd0162b5c3c83e1423d668ec91094432b4aa70d710e9ec223c7ab236,0
0x812d1ac2fc4de811f1cbfbb7aa40e0d15548cab0e0f99fc5f8dd8273f2237738,0
0xf6ed61bf7e8097ad78dff3494079d3acb587f1c4dec648442d86518e85b39dfd,0
0x65abe84896ba41d025336e5d477e0e390eec815d552a9fcaa6a4aca08475c648,0
0x56073b375e563667bb9b11c76793adb197f6544a,1
0x2bab1d416621530a0f1ea71aebafa6dc2d0f658ea5cdf012608da21aa5d3e3ce,0
0x5f28571db261e6cc98d1b9169d5527a0657d7ee1330d937fc5f31fa54ee7eb2e,0
0xebaf24d33fdfeb818a90b396e29243c1a2157649a0fa450bd86842a9b827723a,0
0x5c06bf92669ea4a11b808e65abe65b7c7302e0b9,1
0xd5b76ce986abaeee859bdbcf1abd442f339be3a84cc31d32a710026b26fdbc18,0
0x53e281a18430dd6c31bd8fd4a58ac8b8d583b2f4b7d87ae675cc973acdef659e,0
0x0dcab5a88af37442ec823be4e522879231226c37,1
0x44c60c7d1e4fa637389c4748d74e22309cd64ee116ba09e3dd9b763ff5161721,0
0x62494b3ed9663334e57f23532155ea0575c487c5,1
0x8e1b2f3cd8e9449527d7bda13925dc25bd9e26d8b669d231a173bc91fe722dde,0
0xc7561aa31cfbb585e68a9f01322d4078314188fb7606f4b1a4941657b6e08285,0
0xf0cbee0db705d5d31d08a178bc87b2427e0ababa0e7f8ca79ee7cccb1d03a7d2,0
0x967900471c7e6f9ca5a3f614a1039e7e8e9f1ce919edc72b610afc260a96077b,0
0x36e2d2581ab3591c795079d48b4a822c2573ecdcb78bec2a128c4b6cd98720c2,0
0xe2ea23276d378144afa3d91ece2e571d303dba8a62c6610564e87f0169a264c0,0
0x6202a6495f92b849fe0515c0c249412257a633ae342486c7bd26472c9fcff52b,0
0x0e5c3e515efcf621ab4e32b08f73a2ba9fddbb3b,1
0x57e5a555743cd29efba85a16a1667d1faba1f084feec0eebf8bb43a6176dfc83,0
0xcea70d5211fa71a64ea86c7efc0887dfa9a0f05dcccbce6ac1c031cd7cfd6778,0
0x715d8ee8d0200ac4ae4fcb3dde0ea40ae39fa36ad45be1bb167ad04000253297,0
0x49dd6d0b21c1156e90b9934a9f2c5f427add5fb6,1
0x6cf4db00ad1e1ea5da25c485c9994958782ac9dacbdb46004bc3feb2bc3902dd,0
0x3884eb0ae2a04bce65b5b0ca9c1bd069cbd52c66,1
0x192d996a13319d84528f3983d26eaeedd1820b0d9fbab18c2e0516dee09685f9,0
0x1ced055917c1c5a4d7aa14b05c6bd09b2b1e6f17,1
0x665c58e25efb5a8af146f936ab7a9179cff48d0245a89f9963c4f87bb7932fa1,0
0x7f3d094b524f3c056e1651399d99f88cda470287967d3ad9fb340c2dffdbc35a,0
0x4805b920293206fbae6920251018789ca49223c1c35b7a1183ba8013308a8a4c,0
0x49c5cd3b1ad9718db6e275b1b3d81c459cb59a6a,1
0x25e75fea88529692d15494e50b1674aa409ca9fd08130d658e628b8b8cece5de,0
0x384c197ddf70726af7879611ec151a4bd984140ca1a817d55cf4bda865dd7c10,0
0x2dbb570cb6f2eada44cb4edf89c6033542fe386d448e1d8202edcb9797328d16,0
0x9537220be219f689f8fcabba696d0dbae238dafb32397ea7003d8eb1d34a1ac2,0
0xb85ed29edf3fc4e0a5ce1a1cb38fe533c81dfd5c164b02d8b50b295c17124675,0
0x0ce7e5a110649f4684ec94cf6b58ae6fac875cd1bb27bc4520cc6582f6759f83,0
0x2464d1d97f8d0180cfad67bdb19bc30cca69dda0,1
0x2a7920c703d039a3fe1fc7119f232d06f0f3d5c856241b9b6af224d498e5a3c1,0
0xf2aaf49032c0980ceda487f729e20904838819c02ee9760fa76494284f56f297,0
0x46a07ebe2467ecc8c74fe142ac01778feb64d8030dae51fa520d67a3c92a5809,0
0xc324333c41e865241fe3bb48873a033e73d3b7120683b40df73a8d689e822723,0
0x19a6067538c90973ef5dc31ded5fa567f3d09059,1
0xe76fad017534f3b3c8f113f9133b352d1da8b5e39d891765adbc1bd20b8a40ce,0
0x13d0f60b2aaaccbab97551219b16bc41dac84c5a,1
0x5a8e21d1e502f64204f7a8e03007490b40f5f1d883e87ad306284cf81c730229,0
0x3f46eb6b541a9f4f609f8c5b843583591219ac84,1
0x1acec01bfec1ebcf273728f7f15d23cfb5c4061b,1
0xe95d85262e281aa1437b3e64f844309e233d5493e39f130f450d813d12f4fa04,0
0x381c341df1b6cea1014c2c4d6e1d482878a67a30d249bae5b90838c0cf2531a3,0
0xc39a60ec18539af81806889b6d5d9ab4931502a404c1b6caab15a9df70789125,0
0x4036e950927c025e5b96452d2dac7ebcac5a1f10,1
0x8cabfc1d28ed5bab3fa87d7ac6e86d2dc86ca559c1d48d7a58f3d62504098d6f,0
0xfef4fd22b5c765c87337010310298a963b3893fde4b5fe91653121958df6f8de,0
0x4b41011aab9b90542b73fc980a7ae816a0de29668a580a62bff5b03ae84f34ae,0
0x41bf0c9550efeae98f2f9d7d6278d44fc37084130049c6a039550acc8c6dd0bf,0
0x2c907bba43fbfcc133b5947eaa618ffd43d4f6cad24458adc0b706268f0dd09d,0
0x56467e038871dc7f2a6180cdebe1702cef77285f,1
0xc11c0730ee2218c2905f5c3c859e071d2e86efeb81f20b47b59dac145924a9b9,0
0xbb555801711a8106c0e3eef8e884baefdb866fc823fe9f0a3073cb31dd175511,0
0xd13558a182c96cc48bd5aa619b34d5cca0667a78e3b08ce8c4e40c7f12cd350c,0
0xeb1b6c121d08f8940e2314d6a271545e74026fa820b3b15d864f8e7ad11d79ac,0
0xf569c003e266d30107dd654e47cc30c09915d4bae6187b233f2d958761b453ad,0
0x7446ca26e2a6164eb555706cb4b066809998477278f1a02d6bb0c971495580d4,0
0x91cfc94bc15b065d8cd132e9c0bd45241d04c141d639fa23bb4968ba081e8514,0
0x2c1e136df25f6d4732b2ab4bb96ab0d0d7d295a88b16588bae7c402a010e137d,0
0xbb17098c7642ac01e23d591c1445dd912dc76aa2da9a61154b82a1e269654b1e,0
0xd68308e079c04b2c6af1b98922a22398a9303f14c24f9f4dbcaf64bcae5c0f66,0
0x0691d83f4058b35c7296c0116f9b84039231b80dd86ce3f5103a7ee3cba2413c,0
0x7c11784a5a1128684dece7c8dcebbba856a75997c56660ad65ec12e39528c5b6,0
0x8d7a029869fbd3db876e1c97be634fb4ad2265d3d9cd87a195621b80562192b0,0
0x9005e5f2672b750d5943406bad0da6deef056f56c523312f3fdc01a934a3eb51,0
0x596f83e44d6e62fc886222afea468e14f4c3fec7,1
0x11714b14fea088698c86db5e16a8369e77652a0e202c81f7b5356928c33a32d2,0
0x29cc635a3968beec56c6a3f5da1c033a18ee1571,1
0x5aa6b4ead835b6691be2bd58d7ef76f389f9e97c24f412517f314c02245446da,0
0x183c9e9c8a787269024a20f2e3788764cd458f72,1
0x7c3de8ed0f9f661ace249215b67b291035a4ed8e44117615e95218323105e8e5,0
0x45825ccc707705342d2ff109b5e25e468cfc5d79fa336c3897d4b42f742b1f50,0
0x8ddd232800b2e892b9dafd83258f08a9d831be24782c045dbbf7305934493fc3,0
0xb99be5d462258c334c6dd30320c10072be76f178eeb738926fc584e5b5bc219d,0
0xcac9bf23f53252b78f6e3d86dd539a55e86b5debf2260cdd4dd9bca3445077cd,0
0x4f2cc82ec22e5719ca827c21f6c075b5641311c77acaa5bb032e12c05e471899,0
0x2bc8baa2232e8cf4a86afe22376b6fdf5eb6d19c,1
0xf8efea8cf7e33d8826213e7bee6af4988a1fea0fbe4f47b4520f53b2e55e2133,0
0x1fe8dca062d3ddcd195636ec47dfa6b5b88aa057d1a6af685df5a9e8b92c5901,0
0xaa21b51dc8ed9c2d8c3018f1a31d36db632a676da9ca3ab46479ac276afa0388,0
0xfbed1b25db286ebb8efe8344b1cc62f6d51c963bfcd9b08b43fd895ac306904b,0
0x2e594c9495b3b8b9a8116088890fadc3c503bdf38fd4180395df5ad94ef6e25c,0
0xa147c2c0ebd3e9e3a5dddce8fb14d0aee46407ab8640dfcc4eaebfdd78031153,0
0x4639cd8cd52ec1cf2e496a606ce28d8afb1c792f,1
0x12af4b1d9504a916e466c7ad955cc1b0a686d951fe569d3ca818c7c830f41270,0
0x2ceee24f8d03fc25648c68c8e6569aa0512f6ac3,1
0x9a694768626933573bfea57ae7fdfda20335d4a697a22cd78b289c367c75bd5b,0
0xbcd749933b9d0ae0d75ef7feeb8017ff768212ff607948524195a153303c3598,0
0x1bd913bbade46bf5ad8b1e5d117701fbeb078228,1
0x6032d639e634e788fce323b316e06d18194f99a8,1
0x294308484f47ff5a833a284ac6949eb02728fbe4,1
0xbb4848e2983da483cc64d82878c474cfe66c725de803bf68b96a2e19f2ec228b,0
0xeda67a5731d868a6c46b57f3430aaf79543c72e42ed21316de12c1cf6df4ea9d,0
0x34af10e554f814d7aa92ef315c9cebaf6515d8530f83d47e7ab94f60ddb6a4f3,0
0xd4217a639da5a5383b7da695bb14937a17f4c457911fa27f598efcaee3581c3b,0
0x4d98ed5510dc8d9e06e7f24d0b8a257c62ca5b2b,1
0x4b740882455660f5411cac716c2b61a72176a3ae61198b39298c288e851c02a1,0
0x0d97f92134bdc49ba87b66a72737df0152d9fc26,1
0x576cfe1483eb230a97b69664cdb59c3007d51cf8253006206c979117629bf844,0
0x22f081af5354875bbc4528ddfdb1d21aefea5b01,1
0xf057909fb1bc74a94472efb35158c99bd05c21b7af9a2b1c613b684f764ab47d,0
0xf7dc4351e7baa916e9d87c7fc536bf4fc72277a504f8ea063a7ac0c862b5cba3,0
0x2013ea3b908604645346a400ef4e0a2c3efb3574e927441f6a70028bd57fa837,0
0xb2314e9a6df9ae38b2654fb228adc256f22c23a91b87e4186b0d247bcf14440c,0
0x4ca46108f820618322f96fc93050fc555b1f6c603b3ab31a7bf7510f8d753eeb,0
0xf218fe51332622d90d21a87e0618631387e692c5709bf1eba3785c3c5820ef50,0
0x828e2878be18edb4b6e849065c4cfa125ea0bbe2e013cffb6a18580a3a24d561,0
0x2835d52e78b7e7832f82d4c1385d268db0a7c3b29dbfac3749d5d9bc4be5bcbf,0
0x8704a888fa017cf02d8b34b57fdd635d24978330102cc022e3b94ccbe3e97c70,0
0x4eba1ce155f9dc95d70e5ab2a94898b4f25266ac,1
0xbf143390664fac9610b174317c5a494679bb764746f9efb8b88061ec0321ae30,0
0xeb22f7ff51ba5a11ca4b8414fb166c2ac4a5a860f634b529886b57081babd0ee,0
0xa6a2d1d50d904848d0e11b9850a228d4656f9d172c7edbf822dd1dbdb9a32be7,0
0xa3beca2757d1941b58518da0379906e0d4fe2edf6cd37564fdb76e85a9d57ff9,0
0x668964d4c1c6134640f727ada8f99c9383c170a7d38f4cdae7815696b1ab72be,0
0xd203d440a6ac09e3c30252e172e07a4181a79bf0f82a91b4b78e7960db13fcb2,0
0x595c52b5c831334072ecdef19a6f414ec3f5f016de23af6379458961219ec3e4,0
0xa498d431e69c7e4d7fb0b65c71e475597bc68dd7f9b5c866d9dc240029a4ccec,0
0x74418990f13621c22dfa08d190da727f60d5355662da8ae49faa9e5cb0324963,0
0x46d1ebf7bb93044e078e0496e4661ec772607d9d,1
0x8c8c72ce735023590eeb840ef5e1dfdf03dc85538487b7d526f6253bae75c2a0,0
0x39fef5781f669b454fe65e38865172f3269f1aaa2abcb3ca97bd785876d91f3e,0
0xdc01874c86547f4f7a5bb363353b6d15aa24906cc5a208a03cea2041e5d5d3a2,0
0x2524503fb5513f275a8e7da0f5a9509a0a75b2be,1
0x8b6998fcf5888fb9a3254c0760c35cbe7205608bdc9f9940dfb0a20da0e2ca69,0
0x91cec2681443c0e199b08e05e84b18a6c903d494ca2d768d099d81061edeb2d6,0
0x86c62941f5ca6ab3a0cb5fed1f1f45f0cccbd17ab7d21d64f8fc635a8de026e5,0
0x31cd34ac28cfbdbcebd4faae6a1c844c52c7cd6d,1
0x416bf8ffff8e99408abbfb35536d89cd0adaa764,1
0xed667fac654667b5d020d0391c947c844c5ecc7de418c2ec11c21159eef3772e,0
0x404944520ecdbfa820990e200f0c9f52a5f69b3ecadb310de9fca019ebb9d38d,0
0x3df488907062f7cf4464aaca653478a7463a7adcdb02679ee22ffc2af048c144,0
0xed1c34ae531dcb5014255a9b2940c2c8aad199c6dfe1947c78f3f3c029255735,0
0x3b0009071a0a9983e9aab537fd8c9ad478310aeb,1
0x4566b8b849dcdbe04f64bf1909db313cf60d6e41,1
0x590b0ecbb9750903a0814d80b0889f942ec75b09ef3cf966874f330f7f63db7d,0
0x582e3d8dcd41f586fbcc6559f16476d20b2a3b95,1
0xfe04daa99e5fc9529d4025701c76c6081341b6b24ac6dcec9538dcf48e4d539b,0
0xfa37cc92caf92e64b78b5ebcfd08171c1235302326eb62bfcee793fcbadac8ec,0
0x9568a0a191b87410c05922b00a173d06c9def5d2ed3f2aeb84391876dcd3d179,0
0x2958bce6950367a02b0b3f68efd33da2362d3607fad0725f8043e4018145b2f3,0
0x3d26059afa89f44e9a57d8506c743652da0972ec0226ec5722e3ba724f188a3d,0
0x72b119f78f7f57b66561ab75382ac03b35dc20bf787e75e3c2f23ef1389a732c,0
0x5dca04b576bc84d03e223509150493461f38df8c,1
0xb22e57d901050757d91d36387fd1f547896ebbb1381ee9d604134b42e5c9067c,0
0x72497342aaf7d1ff391e9f9a9cf088f14034b1f7713ecb776748e476ffe57b5f,0
0x737b7a8912c914c46c6ef00079caf7b7df7f4084eeba444ed4c7699f39e22116,0
0x5f0645b1f3ca19c955dabc79b7aa9c8f9890617da1070121031273bdce9b05f4,0
0x79185d881c52c70c9c436dba1261104dff6380bf8debbe0fb1d0b25be0180c8e,0
0x3267ead61ceb7d16c5ecc2be572ccf0538824e2f,1
0x8b35b2f6796336c6a2f956c41bbe4a605fcd89f44f1b10a9093905644456a5d2,0
0x603b705a239328d7247adfff82fc6ac8e0a8f06fbd4241de3d0d40e60e028cc0,0
0x7134d1865c1016da62039dfa4f8cfe1e8f591259c5c93fb9fd98311ebae3b67d,0
0x215ce36e90b1b64e6fa2e358305177f8fe5daf25,1
0xec6dc7a3a2491e272a6fd1c5c88bdd473c4410e9ef70b3de195eada2ddeb4866,0
0x8a01bd4f830160921906cba7a986a53807f03b7d50af773c3de2909eee0d44db,0
0x1e840a93f05425f27d6136d1cdc28ee49e2c4c8b87009fa03fc6a028b90df777,0
0x5653b0a525a73ba2376e7f97e50b96f5f01531cf,1
0x21aec0a028d7adec228595b24439c7eb969edd5f,1
0x4fa13647712965ea3969efcac26d3a5d887ec9f59a34b5e7969e15573cefa9a3,0
0x2fc1f2efd8a3f1c8c6dcb88baf080d2ade5cee255004ed9d836d00f9fcb3d356,0
0x43661f4b1c67dd6c1e48c6faf2887b22aee3ddf5,1
0xe50eedc8ff066679a83d527f1354b0ef75c4e8f0c28d94f99835eb1a770e01c2,0
0xebabe41e6358c413c41f154f71d9cdf5f731cf4490ee74cb77ea1f345a38230f,0
0x48b36ff6c71b25ad71e50d99b272c8f63d3bad39,1
0x4ee94004dfabbf0c8dd52f5128ec6cc660a2cf9f,1
0x16a4ff536001405f2b0d7ddafc79f6a10d024640,1
0xc90ca1903a32b0ad50c79a538e8433cc4d602510454e5c729c7cef97b5c55346,0
0x85613583d4d8690bfaa87075d44a90e22d9fcf9948dcd2adf672bf154d9cae8d,0
0x37203e3d4372aea6205dbc6a1f77f596aa921894,1
0xcc1db5c00dca09fbf85c8b529f69f0361ae1e708b8329a993c475cf44225c25d,0
0x4e344fa2ac01f1fb53b388fad51427de170241a4,1
0x6f01a3a8ca0109180f126669164910625368e09096f961e8e732a6d0ea907f7a,0
0x32bd72997d82b2bdb05ee120983a06605ec6055135397d5aa4499719a9e609fa,0
0xd80fb2a2c1f5dfd561a50db53527802dc4e5fea1474bb6d6ff39883f742a5ada,0
0x6bc09203624c257179bee70e4436d0f38070f5b3764735c065496a5f89cc54e0,0
0xed5f9745731683887411afafaa8455a728151433356433d9f4551f4b6a225160,0
0x81b3ed3d2175008b432a12e2f5a276f6d213b3c5f9f5a8ee393957bac02c58d6,0
0x2b18350d64c595901bea9834064409cbc4d4fe08fec5c21addb2af9748c55893,0
0x1b9278da71f0294e210d4198ac5ef43deac31573c4582d3a20d35264419db7f6,0
0x335eeef8e93a7a757d9e7912044d9cd264e2b2d8,1
0x6bf12f3fcb308511e8afa90125441a0b7080b861d7590e66afd32efdd59880fc,0
0xfbae8b5b70edfe97cadcf956965b27412c8cf53b5e1fe3ef65ea3bd9fa8a0077,0
0x5eabae401202b9ed9e5dfbbe2d67860361eb0a9d,1
0xf9a25cd302e4ab568a5d2f764ae13b7a4b026d078c0cfa4a6f4396b1fdced3e1,0
0xeef41d6eb39372fddff06e4cbcabbd234ad7f2fe13ce8acd46adf9eb3e6e5768,0
0x30e929bc16aae018b9c0c1687b15bd3eea99529169dec714052e0ee30a942e5d,0
0x44f9ebeb2e8c4ff3b247e1ca93af967b243b7a2a,1
0xa56a74c2954f5602ac14a758b9774f02f907061e5b534bc10c6599a3ca0f8a26,0
0xf400041833117575ce2f75cce62e3360b1883fe51b0f1047f097e4a4af82ec95,0
0x620b3ba64953430b0130c47c64d01c557613d3f1b84702a0af9965fd80b85c3a,0
0xdfc826620b5456e2e89cddd16de41797ea5f07d09c142844c0bf785e66f62f2a,0
0x303f41f4e6a1e1fc9cc2738c722b73b3d9fe54cb,1
0x486e49d1622fdfc8ca760fcfc17792753a4beca8,1
0x6203188c0dd1a4607614dbc8af409e91ed46def0,1
0x26a7f8d4bd5183cc5c31fb1d5e647f1eef2370e0,1
0x2b13f8e5193fc9f60f7af2ccdc3141176b0b911b,1
0x87b437676d8caee8f8af4426d12cc6a886ac73e798c7aa001070080ec0e1e401,0
0x34075d8c3a64cb686603b2879e0b19c3253ecb21,1
0x7e351846d096de0147025cdabbad2fa5bf3e6f30dc13c9f9be92b73512f59208,0
0x47c94e10b025e0e561bbd4d6655f8e99845113075fd15d12887931bc46db95ee,0
0x6abaac21970e2944668180b73f5ede2efe909a6b1a827a6d75127f4150572ab6,0
0x9dcb647503a691ad22b7c7ada2f0bec1b7c427b77d15c4c2d46d342e32ba0641,0
0x683e2c8d34b0aa5e06a63e094eda55577329a2e007bc5028f8c62214c28d98fd,0
0x460d51ff9e91bd861143365e5ed639f8abc4e75d325af934f493a4a8712aad4f,0
0x8c1447d3e39e15c4c870b8c0beb22feea3f2e2721b44bf55ceb3608b2d864ffa,0
0x1d3878ac859aea6003bbe56c2f4c585bc8f3549c,1
0x1171f6f26aa5b5a36c91c0ee4e3f9050458a299c,1
0x1a85a80f6c192a86e3bd5d046c8f421d7947dbcd,1
0xbc32490fd4912120f7d1070e852a74ce308cb9967a96f53f220fbeda49aca52a,0
0x516790279c250e807d93c88dbe23767f552017e5c8fdab6931b95dc934988b0c,0
0x1982b0e96a0375e5b570e8e466d423a37af34b43,1
0xe7eb8c14b57d3ac67c3e3995f2bd8aa7924e44a744fa7020bca94729a20ebc03,0
0x8d76c6b3db3de7522b8f78da5f57250f857d0c7370237c8b86eb9cddf4465ab3,0
0x6b447f66ead06fa3500a84c0e468c2b8dc9c8605dca83816512e13a0cc910675,0
0x20a21170d3bf388cbe2ac34643b5180a26e68331,1
0x4480451c0aad4b97e837465d3ea618f976970df0,1
0x6d24e2c8d81a2d0a57658d66a816b30ce4585223f18b2693d1989736d1bde19e,0
0x2f1ecaef554c1aa8ba1030f5522e59dda0bf4604aeb60d093e8daf34381feff3,0
0x28ed3a5bef29d9f441700a49f7625fc081341d7a,1
0x20bd935c58026f64ed9bb178124da526f9333801,1
0x142eaba1ace3649afbb2eb0fe2133a0caf984e77,1
0x203daffa152dafaf2a859029f729b364fc8540f8,1
0xe6dd0551e90e6eafeeab1fea5711d3428706cfd837c26417d7f5f889c11a4cfd,0
0x293993ac7b6f8502b383ed7a1b784f5a49695e18,1
0xe90a3aac1ba83570ffba6d9eb8faa39adf07e909800fa1863aa0a4fc2b626311,0
0x2bb34304c3ee09f485d3adf09dc4ce686b3d7e11,1
0xe920615c191b35126673674fff6c4dad83e8b27c9cabd153676a550cb4659051,0
0x3edf7142ac682a3dcb9455646500a97ab9fca1e3,1
0x964eb9783b81474f81c9645cc9d4766d76925f659ca0105e5faf8df116d0c5bd,0
0x5aca60253ec89d6095dd4b796f654804259b235f60b02fe87788e39a01798dfb,0
0x4e1833a4a67ed1c8cb0ffc541ab7291c02d2fd06,1
0x8273cb02fe7b5aad6820ac706accd84acbad2aac4d5e05229f57bc4fdf49e213,0
0x309a05c4eb09935ee37eea5d2c7783729e24ed99f2e78c397aeef3e7842186b0,0
0x2afd9cb2cc525720b87af20fa0eebc8b5feac434978f810109486fb927dedc93,0
0x7cf9d79a6e8e3d72b37bbd641fd9cd978132ddb7dcce7c9e090beca2887ff232,0
0xf0e5fd05bc59294eea8732750050ebf5e194c0db0171d213eef4b0339cc828bc,0
0x5c63396c9023bfe34c1cb97c55a07b73ce7a10cb,1
0x59c22af4fce0a8af3fc4fd703948339362b5c9a189218f999f3a7dea88a0e353,0
0xdbcfca011373c2d03530ea82a242d0b9835035145490b62260660e27ca226ddc,0
0x5bd46bdeaa043f824355a11a57b6cde8a5c00892e09f55306a0b42e7d15ff551,0
0xeab5eece0500ef77ecbfe5c7083a9745bac245098de1daadd36a9c66a155eba2,0
0x2b22b2c65b185182786f087c1a0035b5ed76bbb7,1
0x7c92c91cd8b3e232ae98ef717a70af3e509c1571af0a5eb0dae243788c7d30eb,0
0x97cbdb9b37c80218cfcbd42c66a652a2b8c68c55ac979bee6ef0c7b6e3b99df6,0
0x568b8c286811a1265de533b481addec28b713e243d59a3602cfc0f92ccf93620,0
0xbd63194c1c8166a026baa25d3667a51b7ff9f8c50df39444025dbf802b50c8a3,0
0xd5dd104b2535aca857bac601071c5896c37994c2cb28b51b1393ca04f77ee7f3,0
0x4a500bf6818ba31bb2b1dc90a354ab64ad3301dd,1
0x1e891e6c7ea7a7c32d4b9643b90b8a9fa313c77f,1
0xd4730f9fbd68851baacc804b0b63c1f52ed9a01094338f41e9be1f3f4764bd0c,0
0x59d35517dababad92c585d9c446389e9f75b9f14c56fe6ba0bc9d87a0ba88ac2,0
0x3636d36c1c60d2f0e9224eb31c1b9a71d18a44ad,1
0xf03e18eb8610356cea2dd63afb4e7f69a70a82ff0b865d28ce524998babb6ce5,0
0xe1298691db4eaca786647f3eaef03fcbe94d5038d926fde65eea48e9657189a7,0
0x106eebf11f34ecccad59c1ca9398d828765f64f8,1
0xc7af9afb493fc78eb71f1478fa2a88f972abdfb60bf7316fe992b16aaf066e42,0
0x964828762e354acb5f6f062aea66c4952244af86317a12443fa51f737ad4f0bb,0
0xe75544ecfa32da832a3b5bc64da6c7aa2421fba6e2d197d5248fa1ea1f6a9e8f,0
0x1563ac3a81a6a0354329d1f0a4b4520a9ac06f0712a3993d8efa917f36a5905b,0
0x92643ccab5977bc752d0480164349ed9e7215baabdf874a2190ee891097fa462,0
0x47731029f7d5b31474bfe4e662dccc33953f7b0000f2fdb2e6d3c2f48fece1fb,0
0x540f17317e58afa89a24c89c5df468affab64a09,1
0xf34f5b56642340bb2963be55da4506d56f1017d45cb8856b55e72967f5e68d7c,0
0x4e28d95ecac4c63e5ec141b0afdff6741e82e2cf,1
0x3f4dd010fbbc9a9b6d95f1f53837d7e9f3befac8,1
0xc91ac364906991c7309fcf6f03f83519f46742b1439a3a1d674b9e3e3d9463d4,0
0x3993e6c174a46010c569ed1f10f6189e2333e92def22892aaee975521b0581a3,0
0xee30281ca2c487d510e328caac65b24a420b012beec0f8d3696f3324d7450cfb,0
0x97ef0436e7c8a8709117d28449b551303302d0a9f88f7612a5081f670b770ae3,0
0xbc690d22890c24cb507444a7f6cad8ed1dd3626f95221dc6ab7fb24982be26e7,0
0x0b959fea4e1f718f2baec3ab64e0a65045f7e4c3b475bfef9d9dad03cb2663c4,0
0x39a7c26ada0e575d69f05dd6b8086f0ddd99e207,1
0x60acd43314d93f38507f3fd12e84225a5a099229,1
0xb138385f0c250d8f663c0b9bca8d83b5d7339c9cf4acda89681f8ee098718cd6,0
0x407d8aa6218ac4637a4ccd54e75815df2eceb60b680f961233e0e529bd5ae39a,0
0x440d3ecf92e13f77fd6049efb307874b629a904711b02b7458ab1e8be9f91c2f,0
0x1ac6ba0571f16c665a688105dd7bdfb1baf95f19a772a76109fc0016eb3642e9,0
0x6256ec8935a8f168b2c016e85a5f9879bb2c09d1ab64d272823bc6b2928132d7,0
0xc31bc4a5476fe8e96396e2aa929d56dbc34f60ddf8f45ce5b5149eb9e821f0cc,0
0x2c721dcc1b6bd78f1d43769d0a6375083afd673f,1
0xa4d3b5e751cb2c30bee257361b347ef52682d1fb54cee5388b148fd2ddd777fe,0
0xd9f430268cc9bd6a4b3ad6d3d7351389afcf92f30ccb639a031cd87033a6a4e3,0
0x2070fe1c35ca012766e021a0f71184c831f9f39c,1
0x34959919244b18128d084834dba11f0c91732ede,1
0xe7cda94d91e7d8218d30728b6683dc76a9d489e9c766ac9adc4f238381d3254b,0
0x4a7dcc87841d2cf168fcc9d4e5ee0c23c3645039,1
0x7f2d088cad3f886bc3bf227e578b611cffa91546b86896c1b6d4d60e08657e06,0
0x9fde1d6dbd420670eec7f829b94d02c45a361944fb074e8d3b5bd308a279064b,0
0x414bca672494b8f078112c52ae258f9e8de1a4a0,1
0x10314c122d04a0f9031bfd26d4bfe691aab5e3754a4a652a28d5a0fe63f4932b,0
0x09d08472fdd335937389cf38388835b90867effaf7fae1b29d1464afd80ef78e,0
0x45f42bea2451c0d48a34c4ef88cb240b6ce25486,1
0x51c411222389b3f8a35206ad74568159951ed000,1
0x26c4e381ffbdc825be9b986c3ba40525f0771e8d,1
0xd6491078c8232490ed04e96854786be6cb56e5d53a889d037adc9906e5748177,0
0x4d2b4532bee4eb5fc7f13e0554fc69b093b3039046bd814f642be2265c9b53cc,0
0x5fa961d722f56b2ac0f8734dcac861679e68d4512ef6512ae7a8ed94a44b4858,0
0xce030065af7553fcca384cb1ff1926fdb7d96f8dac09ff92bdfe369dece19a6f,0
0xfeb044091bede2cb3fb88ee3ddb0f6db9b92a895d1822da2dba2b8f4d7d6be15,0
0x2dee6534f3cb8251099e8dc687c19e57349e2794,1
0x45029af827c652f47b1f678456b2cd009647c8ad,1
0x4aaace782cfb8f62574fb876bf2339c106a41291,1
0x3ad44a16451d65d97394ac793b0a2d90c8530499,1
0xf61619a09b5b740d16000021321d368b4dc7de012e730c4db1cbe910a0c8ce54,0
0x2169fbd82ee8590a887ad92422cb50c5e16d111e7662629ecf2010116ec401a0,0
0xceb81039783e0d3c7c326e44455c36442dd62ea8fdf4da4a8b6f678ac66cdf4e,0
0x422f8015c5d8168edee923749701360a8a4d0703,1
0x80ddf8fbb65fc56ed5d133296fe5dd52e1a4a773a0ae7c6a15df00ecb6d09503,0
0xe75fb554e433e03763a1560646ee22dcb74e5274b34c5ad644e7c0f619a7e1d0,0
0xd1e24a1f2b537d3749976ecf3f8a2837195f4eac4b34dcec8d1a84fea0038585,0
0x1f393e23bab2e020d36b211342d25f8f4b417d31a5ec83f9eca5e7f1bf8881df,0
0x3fe61e2306999eeaaff2a3ac1d0fada6f566587e,1
0xf7052335cd142f7445b5a2d41c7e87537947b60ee2d3fa88d3382b2f21267508,0
0xe3535620d0179325fe61d9cd7ff5311b2e5f45646949f611296b2e8081a812bf,0
0x3edf976df38f7d6273884b4066e3689ef547d816,1
0xdbb35ac979cdb807f1f976e1954ead72b9a130a8e7195c16fb1ddb08e14302ac,0
0xab20b8525dc428d90913e4140891e324cf095317e3caa98ada086269f9493b86,0
0xaf3bdf20d9fdcbead512f4f3b2a06a3b97343eea1434ee9bd211e0ef8f9f997f,0
0x1412eca9dc7daef60451e3155bb8dbf9da349933,1
0xeea189c29f9abf79681c6befb0739b12a6f1c46bced2410399887907d3c7fe06,0
0x165b6749812900538402cd540c55be68411f8ea0,1
0x4a49b07e55b4e73fc878533685d8dd3441e4f7c3feabb3b4dcc5a0e51101077d,0
0x3ac0ff0cd1974b1d81ab7606a86e0085e8f311376e890b9fa275a8b5b1360baf,0
0x910f1f8fa6254d2387571b57e9cd778ee106ae9b863d984c8d7c0a79007eecfa,0
0x0fd4e58abacbb7339695a3d8ef53dc9bead3d15e,1
0xe4c2af9054a23415298da16c59ec44c5f4962b2bca690a1643282d40647deeb4,0
0x00df88239dcc77e499f4ed3bad25bc58cc30663a26bc7c531decff94e861b9bf,0
0x7a76e4cfc06f0f93d575b7999fc67dfeffad7bf3350ba3f65fb5db2b49cf4ae9,0
0xc090433fc0435872279dc3f72323637605f5677cf92e0cc7e9b3c340ae1d8832,0
0x4028b9672bfd71ba2fcd97a6c82e06f72eaa14ba,1
0xe3022581c839b108f3633d5271529e9b5bbd436a809756fd7d4e8c3ece02850c,0
0x8bd7b8d24cd777f88aabbd80c99bf3166a09f5310e2f7824d0f03734d436d025,0
0x137a3740a741563349f4c202496a2bee1f2f4e58f065eeeea1b21584f1cb22c5,0
0xc2f194be9a0c0f5ab981dbefca05de85bc52686dedc2f44b538e2246ec6fa538,0
0x18e81898ac31a43850fb8d0224477349de6d8d9a,1
0xba4e79244e5b276cdd0ed1be71b1915f4e96965e956401ac4390d609c65a490e,0
0x57b7b15eab4fbad57027d2ebb2aa17ea4fb022ad2e00d4f3f01b8e04d27f6c6a,0
0xf978d7a2b1d24e9a4625caf0984ce6f7e24de1b0b8f90926f7c022a2673b4a7c,0
0x360f85f0b74326cddff33a812b05353bc537747b,1
0x4ee536e23ed700b7c04e7347bc1c5ad254e7c5bea9b5329185bf4eceebad3e8b,0
0xdc2d6beb945563c9ad0958dbdd8c4b7ced6dd5ca48f92ea1095dcf3379e7cfb3,0
0x2512aa6b6af95e7c501aa3e1476f257ef62571dd5c1be0e345016fca7c8ed476,0
0x023d5877b85e7270394fba7728f03a3f5c3f47990e26672f9f0a1c8f430508ee,0
0x95b493429b5dc9a0a3b7c26ebbca64bce5853d86b7c662f68acfb4c8ba70bf75,0
0x4711c198e6f04c02413794568990b6a835e8ead9,1
0x98dbb4ee40a3a0e3c721661c6e4447ce9bdd573979ba316e2c9e9a5adfc7e84c,0
0x329aae55ed5cb399176b5c978f806c5bd5893338a01daf1dc6a347e744b795ec,0
0x057ef9ba0f1c691cf25fe4c2b95495f69a1d0f3e022b207880a78be07fb3b431,0
0x5ec692b2c385ed743a0f5415d4a54044a38d15853d0fedbe89bfb6ee86b1b9d8,0
0x7d48ac2198319d43956690c827cab9dbc46d40fc03c8dc546d0f2b13f99ccfd5,0
0x2e46bee733305b85ba05b3fb8ecf322a635a7ba3,1
0x3004bfc45e5c7e35d1352fb8da3911ae7c4a38d4d58cb01fabb9f5cef5ac9b94,0
0x44c047f0cf8902183dda39a6ecdd79e821034a88aae54cd7912a77aa5cf6b4fe,0
0x9d40988afebb4d253fc215b38b4a4c1dbdb71ff2968665d68a40c77315d665a5,0
0x8f586804acedc9c6c263a48ad8158893aaf3a13c5d77853b0a9e30e84e3e1cf9,0
0x53e00c6a2887f71bed5340ce369675ddaff4f42a,1
0x234aed760559a6496b31bdbc575870cd4809a28a555d26a79a908e1394fe775f,0
0x5e841c1357aa1a632bec4fb73a600d59042e4233,1
0x636bbc9d195d0b8a10ee5ab76ef71a08eba9d8142d2c7d8533ef9921f1324d7c,0
0x3ae32fcd0cd9fcf573cd9cc8261997c6ca7bb85b25c959dfcd7d45d9a8435d4f,0
0x2a2aa50450811ae589847d670cb913df763318e8,1
0xd3423a726027ffbd247675a770582c9ae84515a6ee647ef9227a22f2145d5d46,0
0x2086a20fb9bd9f9069d914b8b622534bc3bec05b5dfab3b8bb65a6b067392561,0
0x5e84c1a6e8b7cd42041004de5cd911d537c5c007,1
0x318d51fa877a79d9696d001d061df1aaf386a1ff,1
0xd34bbae51da9b54d253811a32df3d428830ea2861419201a0e4a4ae9e4175412,0
0x1469fd8b056e098d9035d3c7c9109e22a1f4ca86,1
0x5ef5d7f733f06b6d801f220d5951578411a34abb98ae3f1971348270dd25d82f,0
0xd25608b1d14b0fde0173d2d4e3aed382692ab87eef7a5a93e8c33582cf02bdb8,0
0x2e5e0dd695f1abf59ca3592dc9a669cdb8379ff8,1
0xc9519fb33d46b34922e7fd2d4ac3d7c3fd3163c2a9b2ea7c24d9b4eafdeafabe,0
0x17158e788771ebff629e00e9b0b62a9c921e2134,1
0x61100dff25abb47e7f6ba2be5e71e79bb62b39f1573de88dae85e5f0b032607b,0
0xe63ede3fcb73e86a0102f2ce843aa10c231c1b3b577489927b3c4aff12f7dae8,0
0x63de2f7c23de27eb77b182f05fd40fac018b91336abc923a52212f2552aef2a6,0
0x751e2acf6f558e553c5f04b1aff42716c27fb9efd919a6de8088b7265d186d05,0
0xd930d4ab1c87c478868f4f564696caba1e0d454ac970aeace8303a27e1963546,0
0x634920c515bc6d7bf023c7f8dd72952725f7dcb820ae173e83e1de2b52e4d42e,0
0x338b90407c2cd41143e8bd44b939a6732f5f059254bf9493777c3248430cf44b,0
0x5f5729010c873232f0ef6a68dca7455cc11de0e2,1
0xee54e396907a1a974a9688e3cc3cff7ce1924faed76167680a05914d3bf1fa5f,0
0xa07ce1b98c2416fe2cd89d87a650e23a74d0aad61a548c3f12d3571521bfff40,0
0xd0695c4e4483c520d800ef85098f92e62ca72e5a9294424ab72c4d9c18a136d1,0
0x50b8b772d6492e3d2e2dabb55cb4abfa5031a29174acce1a61003e91fead9496,0
0x2eb6ed96abe4090273298db593d21d6e49442fb3bccc81976af0ad9c45803712,0
0x6cd889354af696f421e69a1a591e7161f279f97ba380d294f9945cef428d6d76,0
0x84445f4613507a3a0e9160ddb2d5b01edc413dfd5d33318942aa85ebd4b8346d,0
0x2c81e09bd1473e8910f17acbbd46e8c91bb9183fdb135c7ca8642a0710434455,0
0x517c451e8cdb96172a89486e59113cd62686f4ab,1
0x143e8bd26d95b230680c25300f93ef56f86eccac,1
0xa8bf6187b4879d84393c9746039734e4fb99e41b9561c73d5fd7ee8501f4f02b,0
0x3b117a8c7939ae11770a2befa99da957bcc354563cf6fd506ee507cf82528fed,0
0x370df02ff7160445d20314b73279f410804efb3c6e6e95b3793329098cef4052,0
0x838ef2bd2b972c84f46ff389cfcfcdb01ac5279bdd4e866f1805cae864a8ff97,0
0x08b4e9d2557ba3b7c9d8ddd63ac85f66faf728b8a649a7eb3f6152e64e453cd1,0
0x5f4b05f28a066c0eb6f2caaedac728faedc790550b373b57de2a2fccbbce734d,0
0xc913b85dc7674f39ddb9880ad2499aff8108384e55024929c9a72b06dd76af62,0
0x3c6136340dd602769f868d1d50e4e88494ad117ecc817e1856c386486fee4250,0
0x573b7846e365050517c022a70c5f1bdca76d58ac,1
0x061238d5559fa1eb960e8f6458b1fa422886cd2bdd7cae2b22e9a8e70f5d90d6,0
0x2204da3463ed92cfd9b823dda1b45d8f0515a9d60366e716154fa7c293d4d9e5,0
0xcf41789415702573e04d30a18a7cd348e523978444e017817721a03ba74974e8,0
0x0bcd6a2e3579bb016e485026b5b414045cee73cc9cbd9b752c8d8d779771dbfa,0
0x17d00b7305db81f11f2936fd358de3889d3f8947d748fe3cbb535a40e4c8cd7b,0
0x0beb0c17d454332b402a1f9891edb70806b10a714223424ee07011a2bfaedbaf,0
0x7f90aad3c2d6ac9c9467c551b27bb39e4730224c2b452a7b19d1be6cb03cbced,0
0xd4ab1f6b68aa9d6ce05fb21e2cf2247471675bda21836d2826ea85c80b153a88,0
0x2982aca80ed84f9fd1e2748b0b809e703216a8a7bc0fbb8943470f029fcab73a,0
0x2610cc545c5cbf6806a33552a9ffdc02a63482ab770e3a2b4fd2069e7ea6d1b5,0
0x2c9743a7d4b8d39884e8e919372157711d54cce1,1
0x57a01b82011228bb8283e0e6a1dce8e34178fc4bf1fafc856324eaa8166c844a,0
0xea46c3c1ab205a5549165ad29197de2c1ba26e9980c2832e21729bd6cd4ef635,0
0xd18a53520fda5e4a9499d7e4a8ab4ee647c7efc80498d954c3200c5d1df55845,0
0xd6cd1e24bff9995a4dc4be0ae39c1c914b8a494402f103dc36fb650ddae2ff7a,0
0x1bea0274f76d8048194a6fe3fed289f9b5082e23,1
0x4dfd2c2d092deaa999479fcac951ed5595bf3bc12c68c094007843c35fba83ac,0
0xc41a9b61c4cb47652d9cc6cc5bb31c11a59f29eee14da9b91e81e418830aa0a3,0
0xd34e333792e5a48ea59d47f24801613438962dcc76b7115fe42dea695088e381,0
0x433854eca70a5e55f174757f28313f20b2f4ab9fa55dcdc488c41b49c67e8030,0
0x52b9beccebf2cade1e9c8a3b1b997db348b396c035da587ab44cae6f3aac6692,0
0xbb6e5e18d197dee7e143349d40ef0bc5a14056dc7b98b38e5113f96d83080b77,0
0x84d1709a5a51a0b52b1eb9a0ff38c6aba1b5539700708cb0aabbdefe6c919e95,0
0x36ee6a8c7972ee4e4d43226b2325d8c03ecc424f5fcf3241b572ce7c74eca5f3,0
0x98cb11b49e4c0dfa8c41efa1e9e0363d04f9da8b15cd2f4eed6a66406a0cb002,0
0x42937fe28c095f3bc1f148947bad33b084c8028d46b1359dbc19f86aaeb9a618,0
0xe99c985074807ccdcb38b7a4291e1fd437d0b3c8bb6cee79455f2c584b4bf534,0
0x76a62ca3f56627a74bd095e7142a49fb36e7f39a647a0c84c2741179b95c8bd7,0
0x2820211e6eb06a77606986029abcfddee037dba5347e64082b96396c0071c25a,0
0x277c3304ef59651a2362c08be8c81c3a9545fb52ab933662065ed9a54229789a,0
0x9cb67ec143a650026c211b48d0db80a521fe968d357a6e06ab8c898a4bfcb3cb,0
0xdeaad03295098c9b6947616faf092e91d271aa9deb75e2675516c605ea0b04ed,0
0xfb634c274e77ebf06539a5f49d27bca48ec89e10099749de257c814d435d05a4,0
0xedf838f4c985f0a3210f02435dfe22767f17cf82b6690b011f1578fe79edded3,0
0xb421461fa7d551c5d82d373bb90a6e36c7272834ffa20f5271641c94039f7adf,0
0x2e43ebafe93b726e5b87916d00ea3827da897257,1
0xc8e223fcd957cff39e7b1752efac54c73dd9f396979505b022fd5fc54fc3f081,0
0x386dffc97d6d0e7badb263c40401fdf87b302b76,1
0xf4043e5f39fd2bd04f2d3e0596455b75f77fe20b52c9f8334203e1cfb38c17c1,0
0x8525aee6896ff67460457c088dd60b4d42c96a258b2bda77cca6d8782febd422,0
0xfe6ff9ac3204ae43813723a4766906a0b4d93a2fc2f404942f449ba866ee04ae,0
0x86ad17909c1931a8ddbf1ece9e4059603952426159f7c71c27f39e2ccb47b1ce,0
0x45802e18d01adc574b77e32e7fa89f11738c3aba442526b5351ba97cd3241ea4,0
0x2a16056f987515ece440b5211bdf9d97698f3ffb6d3f14298001ed1d9b65c6ad,0
0x36a2c422a2fdcf06e16bbc36bf93a3020ff7f911677d1eb6822bf9070c33746c,0
0xd58ba16b787239b866a771c33bacc1cafc926d1da6798babb21699d69c5e2a6b,0
0x4669d19820f821e83cb99440fd2df5fa0b30914a,1
0xd88cc18965e6b6db6c151e59032c860e9c28759ffb3c3584ceff39a032ad3c84,0
0x741cc37e758f89b0164a3b51d5d17ac116daa2800eef8f07d6b0d06b18f42170,0
0x51d5118c0c1d973f735644e52cdeb17074694bb01ecfd1ced104c3a421427838,0
0x40b88bbd78cb0441259de7a7d608a39b7388369a,1
0xd1b1743abdf29c2b0c9ca8d18fb7383e771ae5cffb012d0f24ec5e54e8746929,0
0xbcbd23744ea6e0eee41a50e096b08ee449ff855941b7b404e2e22a6ec2efe999,0
0x244109a166da8718d264f938135b82fbf77e716d6a24c98f056116e658dd5c4b,0
0x3ac7e6983a720e4311908894558cc35f3546f9f5e0e883395c34fceca0d11a7a,0
0x41f2d5040726c5328f8366f17041ec012ac8f338,1
0x5a7e6176274c4cc3d036aa5dd3b8e2784323276cda20d071927526eb74ce01d8,0
0xff3df324eb3901262e89146829c7dbc143d575da4c0e6b9c7845438f5b834197,0
0x06c08601eca1a81e2ec929d03796284636a80ebadcca916864a01913005de6ec,0
0xacf3e19c48b44147e019999b6422a24ba9ca3e46035b6b9beadbf56d09e03b2f,0
0xf80970165c2f1e10fb076c05b2c2c430bc8735a8bf4bd9b03ce7bcbdb8cc06fc,0
0x4411db7be552b487e3681e890ed14de9a9b24f7b,1
0x21000cacd4b25da168901ab3e891ef34eec5daabd1005bddef448a515314eda2,0
0x22cff91f77a2ed675f3ab4aee16e15b27f6f275c,1
0x242a705e8af8a24b7eb30f3dbaf899eb25e3d76a,1
0x3df616ee25ba3fa146544ab595f106bff5ac4397,1
0x011f24c6314e3e311c41e7e63af80224ddc293375f8e952e8b1105fafc06ac7b,0
0xeeea3b46a0f50a1bea354a8469513f45b4c57104185d551460b55a1578ae73f7,0
0x14c05046ef56d42e2361e55552a252c106edf938875ed019d126089a15663c33,0
0xba54b7262a21c56424c793ae6c02f6a11c82994dca53ca42883525d45ed1e5fe,0
0xb18d6bdebedfdc1282d6f87f8903a8141baec77dcb2718a37e863ce2c10bb0d9,0
0xc6aca13eb4b3c2cd8b9228f12750708fda00b2b28a72befc1cb8c2e2eded353d,0
0xaea244e671358b67294f525a5f1578030236d9d0032eff83b5635f0b829d9a1c,0
0x77cb7e274212f588d61eff7fd3258af0ec2c8e27e7aaa1c2470a6e3a5438e8eb,0
0x34ec569ccbb3ddd116cded9523967f64ef52b86e10e014be7aeb7d10894a7c4f,0
0x38715ab4b9d4e00890773d7338d94778b0dfc0a8,1
0x219b9040eb7d8d8c2e8e84b87ce9ac1c83071980,1
0x8d2c2736c58c02027068fddc44436a0f52476b1fe1d1152d73eb82d0c69e690a,0
0x19fb7020381fe9197bf841d5034d5467fe5a3c93,1
0x45750cd6a3bb2206dbeb9cba5e68bf909ac945e3,1
0xf92a0b0dbc70e587651547a75e3833bb2d16843208185a7d46b1267454925a87,0
0x4c1485feab605766b027e3422185ef407bf1e45671b4a49368cb135d8b3d2813,0
0x2be110682b57cfe0b707e59e66072c5beacc4e8c880669b1e398cf68d0aee844,0
0x4bf3e4d2378a1256cbe1cd1c2a8bc9857b811282,1
0x105e97d18dc96a4dd986df689393e1afff28bfa0afb893cc35940b5194200669,0
0x82103ffedc292045ec6bda7f74a94afad3411296df987363ec8b1fb42244ad1c,0
0xbb67eacf81ddba770577e3ea8472e770a37bf03a26a46532976f400e3a9e31f4,0
0x73429c3e3c9dd3f6ce6681d0bc85673395740467e177ba986eda7a14083cbc57,0
0x293b8bc8a8ba6c231d67c64a43ad841a7c5438f9,1
0x14535db7f1c36451657385a7d6cadbefc950216c,1
0x557049d5f143dfa670b15a3cdc1f99bc5dedddeff525eed8b8aaf63266767dbd,0
0x18419833e94a3182057746da94a840e204313b79806b30ebe1c758f4a63975b8,0
0x4b05b8fe1966bcb5a0b910c268be79f48c6aeed36219fcbdce807e7fdb836a20,0
0x428da5ff72d8be0efaa85336b6c6a9fc9e0f73fe,1
0x20c536c31fd38a1fd66a8e6f8c4ede373d1c106d,1
0xd566ddfda047962d198c715eaab4fd2511c8d3f301f578b36b7f5104afc23ee7,0
0x604a595edc0e947189a66a5e484c1bdd8d091164c0e3920f19f346b7c7504fc3,0
0x36806ece781a0acc53dd4be03979728908e641f07160247e937c9eaaf50835b9,0
0xdeddcea14bae319cc53984db2d7dc2c3d468f616da005c7053fdfd64b5ef9024,0
0x3e19f8808d651ebf3a67025f05123b44c6beb239,1
0xe28581c4610af4757646f354e7fe5d21667444929c37e06ab262b00651003c61,0
0xa2e3b499ee06ca27b85c1342f486dbaa4a0a528a5b150c24a9fb81adee15733e,0
0x496a84aeaa78f6fc8ed458904d7f2d52b222e823,1
0x83bf72b2cd7d2a83f18dc3a13901f408d1a58858507c1bc865c787463ed78b8b,0
0xff99a15b257e255529131e8b068c7766ec5ffcfb288ee39db62575edf70748c9,0
0xf54c74ee6aadeba0d2b7071f0e9f30bf5ef410ca729fa5bc4191b260858b0a44,0
0x958da7ace604ce00d2404c8384df885acfbafa8fef8e049c11cc3bbcf102e0cc,0
0xd315be8ac6196f6079ec9aa41d7a1124ddb6efd13dd372b8e949119d062bd408,0
0x2c8eab1b7c57a6f9f81f761b26b71f99b25ff59c,1
0x0c070b50e9c554a07bb3b689a7c490a3ab5889479802e412f8d518a6a8d74f8c,0
0x4b0ecd82010107b609b0bee740f176326e3d64e3,1
0xadabe95508cdea0a0d4fbf257312783011d48d8553be1e94758dfd33099c3540,0
0xa9b31cb6b75d046632f09f4aaee94c852300eb77348a53ec8cee395071008dbd,0
0x1d82886f997d0b124dfab342558bc463299c8a6b,1
0x4a96e9b57a229d94c0c28950355a72fa9e70aae3,1
0xd7ed051203c7dde91f23537b32d0fdad409749d7c0ee454a0e160c2ed9168079,0
0x3b6587a68cd390700994e1852d43b07dd19ac33a9239a00d6266d05f9bf3c3bc,0
0xe897fa42a9e34ac6bd1cf5dcd2fa405c8be5f9b00733ca3a1bfdb13d5c9ea539,0
0x210267e01e012e8a64cc2d727de707e7cfd3fcaa620afead0d723db852831ea8,0
0xf51539650f13a3f8b91ae28d349a00774e18c79038dd4d1c64740c12105dbee5,0
0x812f163f6a5dbac1250e91177662c18d4249a20136b27f2e071bf071e0ba1f5c,0
0x7eb2cdd5137283e8570c71ebe1fe7fcad25b6f3af49e1b3037e532d46bbf409f,0
0x5dc5eb026a3c252beb33b4e264ac079ef7fde7ee,1
0xaadbd030a11a92da4a12aa92d3d435edaf90e1fd631ab23547146125b12d64b0,0
0xdcbdcc6d2ff7eb740dec9361b2f5c0711e4a4baaf19ee349d27fae334e3da8c7,0
0xfdb2f00e20132a9da10be1dbc688630db736b2ab2b7dfd9bec95c29d8220db50,0
0x47651fac7c7a694aec38099a631b7e8445e28d759e1bab8817d998cb3062f26f,0
0x8d4ff575fddcc83b013f8de4f138ae90f5881c51030b2bd13795cb731b34bd3d,0
0x2ca37ad1b2385f4e2d077ff5ae0a1a842233fa9e,1
0xe27826bf1ecfcea90157ad397b80a1cd6c2d888ce7d93c0bde17ba306bd58275,0
0x29d23d41759c57a5f290f6b93c70f30875759e36661c93042c969dd86ad1aa49,0
0x1213c29b5e1a6f33e0d044f850a57b665e3cde21,1
0x15d9fdd77d836bd40d19d4d983d611786188b62480a258a098f2a791bffc6953,0
0x6faf51cc229fefed38c2a45a15b2d3630cad1482bff75ed3de9afd62ab3f6a41,0
0x5803c77b10e29719d6b82e6bcbb00fc80d4cc2b74a640b1327d6cbee27a04e54,0
0x5de8a3c310eb8e1bd90fcbf1bde073efc2ed3750e60f207d75a993ac40a0dda6,0
0x5fffad3358871463145a3d4844c6c98b3a4fdfc54357fd63f14423e5fa75c64d,0
0x33290c37f71c7ecc43c6c135a35f06d0f268b5ba0659ef115f2286da03e3e055,0
0x4e01f24baa70ef3a6f451fb5f92268d03206ddd29eda6d042eefe4e2f5647da5,0
0x1840e057a6e0363e66c5d253bd7ee2622984ce23d71e2c65e17a0e46c892657b,0
0x4818a31c45f2d108f93f9dc220b76959bec0638ab414c7073d771cd0199abcfd,0
0x1061d943e4b203224960beb6a5899b75da526a72e79ad920e785611284b55886,0
0xfdb776fedbb8371dcc6cc7e01350ff9f31d4d851e1b2b02287c3220d21e5f399,0
0x39cf57b4decb8ae3dec0dfca1e2ea2c320416288,1
0x57d4e4ea0a207074d7e45fe60c939d2f4d3ed06b,1
0x41e253b24a92e1d6a6cd0f49f19fced6a521b9d77bd955f9119780e449905fa3,0
0x1456da2f90e1b666cac598d67b3f0b0a499974c27c944583d42a212395af178a,0
0x596f324aaa50b81df7501022e16684f71abc2125a482b9609f64ca6e5fef8d4b,0
0x43bbc7fafb860d974037b8f7dd06b6f6fe799b3e,1
0xfc96b77706d291bd8a2eafbe857ae76ecb7e6739956de615c1c12ec91f538626,0
0xda569c06cf0bf704d7eb45f05ba95c0a16c1c1b2eda64ecea78178530513b2f1,0
0xa9ccb93bd14bd2944056c1aab433b332bbf0c128b1139338d655ad2cd44dcf90,0
0xd6b2532cb681130aced45f0b010ca035c71f2ed96074c1adfb7c49661f002bd9,0
0x19abfb819c1be3ad89b1798e78de9a20b036dac025a254f26591afdccde2a748,0
0xfa558e883acfdde28961ce560783d46832bc6ff3c728257896d47521f65664ae,0
0x7d52c5089040f2f0be2de48b283e61148b75065d53c1725baa541d294bdb0544,0
0xc9b0bf0c60b59c2c2e1f21db1ec3857913f16ac84c8530c7ff85ebbea706a202,0
0x1ea3ecc937bae79353d198db2cdab1e5cbe625dd,1
0xff9becf9a823537ba3c632d6b15fc5dc5f93f860641b5c893f1baaf59707a1cf,0
0x458b173f23ac5cc70107d98d352c888ac12a14f9f3be00414f4222da96300c20,0
0x3325439082ff8ba7371dfdaa1af297bbfcac21b2,1
0x1695ce70da4521cb94dea036e6ebcf1e8a073ee6,1
0x817fea496802fae7d5658112956355797df6d808e8b38dc08f6a2617dd5e940d,0
0xaff226cb1c23c114a0fe8a21df8912e9a089c931f820d722bc91099aa3b787c0,0
0x3018a3eab048a0a1c15003b383a181f089a039cc,1
0x6081cda8393553684d3fd38a460ce9c5670213b6,1
0x72c9e245d04959716f24aea93308747960ba716f24a88846a5b2437b1146016c,0
0x4668cd871eba35997e1fbe66d0eddf6612d018ce,1
0xc3bfad096cbe01c328933473ab694ee598d5dccbacf9fd51deb435ded1e4dec2,0
0x6db42619cd61506f42de9d0fa162575b6df264dd3e2caf7a4be7f555fde32844,0
0x4087ada709ef94a94528c658a3fc396025c2644c55c17bf575b8e695ca376e05,0
0x42e4f09d2e67bbd9bd224dc171080b8372a9da5033583abc996f3f9c689c564f,0
0x35e93c60b9f0b9d85933e48434ba9ccd970c7a4e,1
0x824f9dbe2d8de46a4833d0771b2d40205cfdedcc6f17255302f5636721320b1e,0
0x4114fb8b1879f61b18f7d2e623569a847a03e15a,1
0x29bef3878b85522ef2afa541dd7477c9e0a2c122,1
0x2f28755a4f7d85fdd53185cc4c9e5fc182b8f8e0,1
0x15847dcd428033c2cc2cb70edf2cbd6c84afc146,1
0x6dc047403c7bba89254772a5f94268484fe540abdf75444adf2dabd500a30820,0
0x6096083a986e74d14d71db58ac328dedec7806f8407cd17aa3d6731f50d467fa,0
0x585bf81eecd5e43b554b7891c818f04a86176e6cad5e00157bffd5767ccde9c0,0
0x36c89d6c0919607dd7989e9d19932ee1b3721d9e,1
0x32c1daf0370f254820eb2975e701757c499b498b462d85acac57521d9e190742,0
0xb9c98d1fc859768fdd280d91b2ef4860d4e97529b7e2a7027b653706a995a2b4,0
0x2ce529ca2480f646ebdf3ad6ae8b571258b18ee6,1
0x17061ba848c7813c1d365fdbb1ddb4c12ba8420784901235358fe3b2540fa701,0
0x2e525aacb3fb0b3077c720548f7b8d4367f31277f2f61da98459100c0ae17ce0,0
0xab9d837df2a2ea9b94957a85b19ff19b009000f2cc1210cd5e169c0dd2478e68,0
0x4fac4151e1f3b41e0558c568ee46d1d41d0fe699ec9b176036fa0d25c6fe0abe,0
0x20b7db35f11241f51993f376a03af5024f3777bb,1
0x129d67bc60732cabcf9b6c244c5b0f886b9038b3,1
0x3e3d0d934e0953ca9e8165456be75244b4c7c40f8e7c7f69ff40e2bfc4275f5b,0
0x692a0097d2e148b1bdcfb7606cf3f7681e29185fc4b71a384e095efe609291a2,0
0x728bb396f3d4f674d36447fae392a524244ba02db0a44f9160d132e285d9b8c6,0
0xeb3d809c6f4269b34da721f9ed11c39ce1acee709ce8632c0bbeb21198724360,0
0x0ec3cd77dbc5b512b5f9e45578813e1dbbcda719,1
0x460c8e4a986d76829f40464784d4b1d7865e82a34f5abcfeb9b280600afcf94a,0
0x5c8f992a76fb8d86cf4e1bce73fbb4f400ce12f2,1
0x124a743ef8c391ea2e3cf8271c3050dee045d9b9,1
0xde43406a794c8cc3d75133ef9718e70022d4eeff6a9f6b85439a40966061c637,0
0x3b1ea5b11d12452693f9bd290ac2100394e6850f,1
0xb1f8da1d212d95250d5d986f18c9fbe7631a30a1779f98cccb9779996c55f36a,0
0xbc3e9b9b588973b89f1af636c5bc865765cba136ba74293582a1bf9c7f8b621d,0
0x2b667d0c20a206e1a4e9a4874aecc8f5fafbfc8b,1
0xe2d704e70e12a02924e113d89c552370c4a52194afa59a43add013aae0e8172b,0
0xeb78209dfef59de737c8be86663e48aeed50af4aa50385c3e168fd5f03721d56,0
0x1984e37996c561a35e10046608802ea9301e370d25ac6665a02cd968f141ff0e,0
0x3da6d8f14dfcd576c46f9994d8fd94883a8f3fe8,1
0xf486f31560cba9a9328f9e77d5b3b38ac6b3ca17ec94f6bd7c88bf1a225b6224,0
0x64c2f0cf29b8190ac0141772ee291c14b14da717bc9cb63db1d99994de6787ab,0
0xd1ee249687d5f2f5c65403d718630721a64ac5555ce8ebe6db6e053fa9b554b8,0
0x39ca1d8b303d9fdba5e2398844e6f4f1c63d185dc116cb5b4677342ea4d2a50f,0
0xde6a5abaf60cf4a56222803b4597b38a78f8e2fa39a84447926cb8730de9f9ac,0
0x1de23f02e185fdc4f6bacc98d6c6419370e38538,1
0x251b144dcde848533e46c557329bedaccff9026beb431c2fb45b27743296ed71,0
0xd8c2f0c1dc8b72b0ee8750d69b96db97af88a75c2a7bb2ea7c4ebebe00ae5355,0
0xd24e19cbd4667384b04440164fab42f11e2f837ae8fa0da03b4cb8ce409fbabe,0
0x0dc04198cd942b55a7d63f5c3891122b6fa277ea,1
0x339197cd7d59fcdcc2f6a7df17e70891bbd1c1607d318468e1aeb608b09864f5,0
0x6590df93318dd4c62c04c1588fc40533edfef5bf98002b7257a73d0156d6c1a4,0
0xd4affd0536f9d0155b63f007beb6b7083d98e3fcbc116e4709e9b4606a9b1206,0
0x6844cdb988508289a8990c71a07f4d73ecb214699e93827f4e20aa8ab8b7d270,0
0x20d99aa0f0708744f3f980d1b5b904ae16b0b3dd15328e2c0cbec20cb08129e1,0
0xb07340dc84cdfa9372955fdb35d5ed90eab25af699f9f7ea1915901a3807632b,0
0x3cc287c3a1dde04b42471abee1ae1c97a49f231dd83cc0dac6a47586223e5760,0
0x44525c8dd44b9d470937cc9e7a0275eb14c7b01d,1
0x49df3385f15e62e507a5adc1dd613f502627adf266491629ff880805f01c62f5,0
0x03170d9d560afdddabd6d31cebd11b7780deda1ff74754326c965b469e0720db,0
0x133b05b59b8bfe569bb72cd64df15552128d233abce7a84fbea92a014e695197,0
0xd775451224feb004af8e81afe3fcce4c99f88fda3b995921f33b329e50362681,0
0xa20f2744d150149be6c0246879cbd6f287e76bb2b1cebf4c619360c82c07169e,0
0xe5b3225844172e00218067ad8788433cbf96e7cc614b36ac115518ea3c9dfe61,0
0x497c31e24fb5a9e8c81797bde9b7b25d6a781d6b,1
0x5a437d94843541d5cb83221a4a4b253de30b97b7,1
0x6c4951854737eec47a34399618eaa2e03394a5da139aaaead6ee121e23763ece,0
0x5111310d3026b47e68b73bca2c1d1804322b9f96,1
0x32456ce36bce17e6d5f36de1d5e5592cbb155fd3,1
0x9d1aed298e66039bb19d23f6d369e52324d667607d9002fb87bf562741cc82a7,0
0xb6127492bd257bd401dd745c0c0a4b378019a3bd97a3942123638d49dc0d8658,0
0x6f82ad5c1b3655bce4ffc3356242726bb5d040c29b86d4c1294ac253bf0f80e0,0
0x2a53f42ad8bba138c21b50a4e5711f18381a61e9,1
0x3fede2674f6854abe44314ee1b46308281f5a8e34a8ae36c0cdf66652e9473ca,0
0xc52cbcc9a20d096cce1ef8972534b4fe9813acf3984f0b9d2f539a688db31f34,0
0x3f2b1dd5877cf9611497b6619d288e77e2d58ef3,1
0x3b49296772fe527b54803e97f650f9b1289c3e94,1
0xb8cceeeeaf18804c50453b366b2649211d02818c20db9832f0436b123e501492,0
0x24ac3f36557d4eccef7e7e551c4c132b3c6d93b39a581e2f8d05a1adc3eec228,0
0x228df44f99c9fa9a311bcf43b02381bb2be9e83d,1
0x35309e0e5e86902fbd53d2d0c2f25da9f3842db3,1
0x2183926bbaa5d1fd3cb4281d6b5d7563082a750a245cacc8d9f18928c793593c,0
0x4813770a0a0ca1e61ebaff15d655c7628c4a5ea34af7e5f3ddd1cb5b14a9feec,0
0x32075bad9050d4767018084f0cb87b3182d36c45,1
0xe5611a8482bc2f0982389f2e9ecf3112722060532ea9a0b0dedde8c4b9d0c499,0
0x72e1ac55171262ab0f25643f201fb1070bd290423229a8bfde9eefb280bb0990,0
0x7a47567ab1138b59ef190b7b67d8c8efcdf922c1ed940c9dd9b6af1be52fb390,0
0xc0eab277f2cf2cb355536c78bdfa580456b7d2dab777168816f34e7f8d500bab,0
0x2ad432e5bc0b731a045402035923940849bde1e116367b203debde170c949c6c,0
0x03d769e950cdd1813aaead2807572abc921e1d2a197a0e985d2caa68b873ba80,0
0xe346f203ad47039608f04c730a4ba5287fc3c08bf9bd3da599db5646f5d83576,0
0xad06a7bf8c84f0ad7a120a07e63d8a256408b5faddc8841772f51b5b902d68e9,0
0x989848c4d6ea0f66120fcba4b95b69e35b3a660250ed68f80f19acb740a1d98f,0
0xa2604ec89ea5ff32ce77ac0c895215c85cf3b08e88ae0f3991fb9ff1fd7e8389,0
0x2971b6b213e74fb8f58146e627e781993cbf71577f75457d4cb9d61b670755c5,0
0x1492cdd605d91658f228eab14d8444b60e6da8df,1
0xb79087545f1bd66a9715a62119f21c538595be1eec9d7cfe32c37f7949bbca54,0
0x815e187c015785a21661682cfa48a61dc4412f006a6c701c60667a66fa3af918,0
0x593ad5787ba66e8da119092e911d45529518f3fc,1
0xe1532dc848bf3ea7f31cd877489f13b63e0efc1a6b20cc6c0e6294b0d4165163,0
0x4dbc907c9f7bb5061708b9b57162cb24d201fa7d749bdc3e834f842aaba9f98f,0
0xefa7713e5e50f0bbfa2a29e6994353df982df57bddea25439ea3e39ddbb2239b,0
0x2df9c154fe24d081cfe568645fb4075d725431e0,1
0x14a8b604a3955a8e97c0909b2a79987a48ec239daea64a968fdb56ff907a181c,0
0x4a33862042d004d3fc45e284e1aafa05b48e3c9c,1
0x04119ddd0a4fff4ff973a8ad9c26619a2eadf5dc3167db1f8038f32e05fa119a,0
0x3ea192f415d9cc6b8a278c18bd0f7fe640e112f5d340b4b572804486409397e3,0
0x0f6b927f9ff92f1f1ca67b60713b267e4e7a25f8ed05e4e235bff1a728aaf5cc,0
0xae5f09b41ebd19eb5c82af0f426c528f167359830bc494d175687c2374b829af,0
0xf6b9599ad88b2c5307e57db65b65de09653c04b972ca38cfee5d3bbdc3e70469,0
0xf7eac196dbd7dfa408e55603d2ce6d7795aff7693b1626a1d278f749353635e5,0
0x28e62bf00eb09f51bca79fbe42b5f7c6a0e097a6878a9a7e4d671248f11f9633,0
0x5faff132b8864ada83709ec513ce99b997a62f6aae0acb2e9304cad8708ede16,0
0x7caf8a51e6663322a144b5053c39f1b94505eedf831b5c631241f92eef397c24,0
0xcf2fd5bd0563e8940e4d663084ba271c306fe58ce19a486a5e91e455bd3cd080,0
0x109c4f2ccc82c4d77bde15f306707320294aea3f,1
0x4aef20778a2e8e3edeab721ed235264f00bb6d20,1
0xebbb161cd2176af56f8938460a9d01d0b3747055a4d457eb111cd90fa41defeb,0
0xf29bbf6a5fc5cac84135c00b8d26193f65c9a2a04403444682731d471bb51efd,0
0xaeec8cea3191f95a97b539cd85c5ff86815512cda8b9a5c427a01a3ffcdc8bae,0
0x1a473f8d3129878fc9def8264cdef5af54158c749f363d76f17ac2e095a30ae7,0
0xc6d46e44fac620412f5db6ebe9ee2b8d0cade6732aca4621e568bb8a8d21cbff,0
0x741e83e50f17a03a6800646643f7f51c58d502fc84be4e8b5ba08f1686e7d646,0
0xe74916dcc9c9aeafbcebca2a06aad7e3347895fa263326a64da39b2c794e12e5,0
0x5f6ab160206bc6a5d663ca5d0f237d82c572272b,1
0xd8d96511cbfcd680eab3edad2da21402dd54712579924a740e177cd8f34961ab,0
0x13235fc8fdb64e9df8cd940020127582b8a24187,1
0x57d02550f47dd932d2fb84e0aa883c9d8d53c313,1
0xea6ba57c31a2d77a1f29399e099c5772ace498b1ea6e73104bcd341778cb9cdd,0
0x7e47c4368425e9262d23c570156234f5761dfb0e39e290684c639599b5dd2df3,0
0x29864b8ec5ec7da6bcb685fc3f183d0367820d8e133ff77925d5e2be5b95f619,0
0x7e9afbc0e5903cb04fb0ecd06294db27576e4766ecf1b2f383ade8a31a531a18,0
0x6bbe96021a8be836d37e281bf2b88a49e4baf5a44ce9fd15ac791dc7ad5b0a51,0
0xd996614b72505ad78d77a8ec94b676f95bb9890d0905a36832f3cce03238fbf9,0
0x8b104db3b4b97b9a582c0bd35a37b73b0113ebd2d458ca69cdd8bf2d3370b913,0
0x04af1b1da9231834b3954d74a19b14276cf9071d3804cf5e92b9ec30b64f530f,0
0x699ef0e945deeeb0a909a96c181d41ed32536dec002ddb305397d2c75f96f8a5,0
0xcb9dfb1c8e764912c72a0d7e63bc6d3b5a9b9507736f0f40bde730dbfc62709b,0
0x17a10104cbc1ed155d083ead9fcf5c3440bb50e8,1
0xa6a84d405446f0f6e25df32616c39052353ce5c4b29385bdb4a1b38914f5ea5b,0
0x20573b549ed06114249da368551f2228ab1dce71,1
0xfba7b2d0ffaf217f9a493f53eb1b683d7fa35172d8b9c38a4b0f4367d5d0088e,0
0x6ab54a82e034631918391e17fc4d9e59c7b64d8c0cfd8b293a77ec5796cb1b4a,0
0xf4801eebb8288661b863b4b95647f906c3ad15f6119191da4ebb7f75824ef07d,0
0x2b340150b5eec8c9eefb5abc188dbd2d4029c91acb240fd6bac8fa80bb95d28c,0
0xbb145cf0093fdbf5e2264793a72f2a5cc3cb593aa163d16db09ddf5c7f32551a,0
0xa8b85ae09a96507eff04e288465e32170db83fa411337f7b1cf99c7446fc670e,0
0x47ae0e9714190fb75a8f090ef4dc089c4f2f3510991c7508de4c65ff54334dad,0
0x607c36b7395236420ad34963129b9149910a1be1,1
0xd78d6ad442c835e30ade8115007fd934bd9c1c59a0bb29a2c2dfb1ae2f912aec,0
0xbef9e2fe1e4dd24d23b4c248431870840ed5fc935c0384c018bd9006e7863bbc,0
0x670aa68ef374dc52203d7ae8aefbb34d6b5736985c138b406133c04e3d61616d,0
0x13afabf464f7d3e6c7cf0e685181d9da3935e01e,1
0x5c3578f62ccd0b126214daa589ca11c7dc681acf,1
0x5feb9fd9365bbbbd46e6ab1afa7b01de5a615e00d5ac1ef50764cde6022a8609,0
0x4a62e1fb0f8c7908a617b175c34b9712f68a09f0dd1fa2c5a0598c7bfd366b06,0
0xab6ccfdb1c9bbc79c03ca2beb8970906082251433e006be0c7bffd7d8ee62104,0
0xc720869ba18d4a0c66837c61139c55b40fa21d504902c50d3d2d22b8d6f366fd,0
0x71027f2d3570b92d730bedbafed33e9a37b5a52dc6d781e30fe1c9a0eaa33e51,0
0x25117f5d342653dec727cd5b3dab50354365c95efc21a1016833202b177f6c26,0
0x6365fce543ab763480287ccb7dc9c4d04391c21c6c717362c518d4a769a5e278,0
0x156ab86d2dac629c0c6aa89d6a0705ff70ecf00e30fc7d1232c5677d41665e03,0
0x4f8ab4e7d1fae93be2f4525818db1d193b2b17c8,1
0x5a22c76aa5941fa31284c34927f942ffb0e93eb55772a211a28a6c9b9da03e00,0
0xdb76c4a030d238c90d2be1b3c093896d17e74536a38b5be6365b837129194e5d,0
0xbdb11f0509cb58628b4395983a7b3d6ef12cd831bcfbbc74c28a9cfff3557fec,0
0xebdc1871b6f9de63416f43da5f2dba7888de37d75bdfabcc96674423f98521e6,0
0x2152ca264bc1a8982407fc606615bf7a5bb8df622b0d95d04e3d7485fada5a1e,0
0x73cd02af83c443750c32ec54b963e0b7daeb2a8400e6fa9fc2a5c7dddc03ef3d,0
0x89e8e192a0c2159202441e7d631f0730565aa28b6c9af74215e12b1e9c4c7c65,0
0xfa0965bf4d76dc029374f59df48739172ccc482aee5d21546136f7231eab70fd,0
0x316201f586706aaa2795bc2a3f0bad2379c363e4,1
0x597bd8ff513300ac67c8d29fda276a9a1e68ac7d93e8adf0eb532e59f4b9fe0f,0
0x9c2cc70fbf47031ece191f68b2d33741d60f320e7d883bd2cd86d9bd65cc30f6,0
0x175e0d5f3757b066a6f0cf7634b45f3085cb490b,1
0x476f96132384e5ac79a929970505d045b4a7eaf9,1
0x788d7288de1953feb7f8797e1f876554d37f0c72956f6eabc6934f81640e0452,0
0x698c9c312d9a53c432ce0fd77229caaf92f1dfa8106fdc7c12a29f94b5658c67,0
0x0f43ff8e1164fa370ebb02ea356bb60c6978a67aaf76eb73e23d518112bf9255,0
0x64ce9dbfa5351fe618728d8b1ac45ec4c068f72595d8ba9a5fa68906e9995ab6,0
0x27c1c9d6abf35e5ba6bd26ade206fce17ad387aeb1c083462016d9d54dd6691d,0
0x38dccdef637383c2c36130bf816667c2e284e3a1,1
0x6bbeffbf1e61de8a820f03c24f7924585851225214d43b8863456018284fbd16,0
0x11159afa05c84a6a392da92a0bed0bfad8d532633b02d0a62b54fc7361db1a3b,0
0x898c3749891ffecdb285540b535cb4adf6363b8c8639bf298dc16646983d5250,0
0xec6eaf1fd08db3750541f3112ddf10bacb9840543ab52d5d5df2de32b35e0f4c,0
0x4430793ea1fc055738034f469f4b6ce8028bc4f249c6890abe25fc95cf2c2a56,0
0x1d64ea27764164debb4e891eb04d524f42904b08,1
0x66860f16564f69275f36e1439b1bf18873f6453e138683e806a1cf3b09379aa5,0
0x6adaec737112cdb9e7ea82d4f9fe0c71f618d46feb30ea765930ab6e890019ae,0
0xf485aabde3f8dbf6a382016072312847f845223e370cba24acdde5df5dab0295,0
0x67c9ff459142a8f6b2517fc8ae300ee54240f90dad126624290b950e0b0c36f1,0
0x8a5b52fdac6cb07d2051337667207a44e83353809d33fc6207fd9d41349c594e,0
0x5c8610cfc573197703bfac43c015a31f7e9a09486d3d2e61190f1094f6405173,0
0xa81c62d6f449d51107d353e22cc99ef434b5c2def92e3effde1d374af94ddf84,0
0x5ccce837b41dbd2ad74882889749517935741390,1
0x43e49c79172a1be3ebb4240da727c0da0fa5d233,1
0xfabbdfec8297b7cfdb99a4e9ecd9f664cfcc9dd3e282f358e32a65151ff06533,0
0xa58d53f80cbcf0f677a042da39dd3d9df60cf522f6798142f5a673baa1b55aab,0
0x982d4d3c755ba7504555894f5604978d320aee01f87a1b39f2c3a4dc9b50e8aa,0
0x59c28707e9faede9e9e0dd800363b3ca05766adf32b874df8792d51408a9d90b,0
0x21905ebd9e1f9587c7b3685d424679f16cccbb58,1
0xc8092ba583b18dd1c313f0d6529295dfe054021d84b00c283aaa1b15d9324eab,0
0x81872c4ce3456eac8ad5b850733e8c534db720253c919e2fea5889df746ad7c5,0
0x4f0c3774047bd03fd9bfb53e5faadc469adc6e53,1
0x31537238bb5b237254b629bf226b566c617f182b,1
0x4ef94772e964f842336c9defe21e5bc2916c369c53200e2546d6cad6b013c928,0
0xbb7e7577632977c5f4967f20a70b89fbdccd7748e7cad7b720876233b9056cb8,0
0x24725c3d846eb27eb1a4773ef7295d7c20584f1b,1
0xcaa2ab083edf5f521ee8d37fda260e7dc866ca5d76120fdb14e5d7de6958b349,0
0x230bc0478b5b259ebc7eee449b6495cbb8fdb368,1
0x28c7487b969d307d1b94a5cebf253a4a65a0df65d73d947f385097389189d56b,0
0x170cb6652c4b28fa601903439f1aee00a3f59ac8,1
0x51ffee55a23384a92b69991fc8c4f70477a548d1d7075888604d6cc1d6a65408,0
0x54defd6b30d3727a75c364a48cccc104b80b2d9606754baf840aca740d1a916a,0
0x43f208d94a82cc2749a140b5e82636f31ce0390d,1
0xe4ef7dda207b76fcb59dbcc380fdabd32a9933a8b6adf75c3970b5652eac8d6f,0
0x8a53ef09cb58412098656ef77ba7c484dd134e08d5ff795420859a6d7088dc46,0
0x6e38455c8a21af7ef323d730e67ce2c1c6542dacbb3c49367532d99f7bf59a15,0
0xd48cf4d103f2d0efa1b0287958bf7004be82f0f974d93a14597d269136dbc8ad,0
0x5b125b80596a284050df58b01bbad7f828703af618ed0056648a4c7ce205cb00,0
0x560a8e3b79d23b0a525e15c6f3486c6a293ddad2,1
0x3b87074aa3228fa5b4d36d9024f4f78870ee8a93d5bb9c2b9c993458f54b28eb,0
0x2b79dad6292b2039ed791aaa6a68a0fc8a8f5ca6,1
0x77fb67e398aa20717a7265a56c6c6e58013fc7c8217b859cf8389cb033fbe6a2,0
0xda0d4c1e6082d997c16fdbdc95960a80a4765b2fd3180e70cf5d6a3b136e5de5,0
0x311c65dcbe025ead81cab2925b81489123ce2eda,1
0x86fc6af930c148e18423b4dac643f4bd3e4f8d2b68d98fe1ee57658d521b2495,0
0x82e97ea2c0cbe1bbc3a75ccb9ac84d62e5a39bcc6e5af19daa4aaecfc67c717f,0
0x92c83523037bbc86c1e76c22454ea006e1a544474e5b181c54df5d80cd0e9e7e,0
0x2377ad9ae0408ade080e619f29cb5b60b16b2f8fe40179467364a6f3145058af,0
0x2f755e8980f0c2e81681d82cccd1a4bd5b4d5d46,1
0x7ed70eba7c17f8fa64cfd340861cd832accfef710bb1c1a2c9a7ae67183ee173,0
0xeef89a1be3559e7a3f61999aeb1f20deb57afc25e66df100a659bd6a4aeeaaee,0
0x73b3fa0c18a98ea10fea22d56bd641cd382d7c980bad550416f31f4ed0599c3b,0
0xab78a8d0cd89938b0d245224f3710ae457c193b1a5bd4214b5a4e43a5f809ad3,0
0x194b69df02ac92f3abfd0e0b545eba9fc3819e8134cbb153188fb7acaa815085,0
0xa61f56cf27ada5fb05d4c5952baec960a00ed4f1966d124d3779c27ee68fe2f6,0
0x88cb03c5144e56a5236f26c6ee45c22b403f5fa8e68de767d67e5b06ddb779e0,0
0x8cb41c1295ea7a6f2c5f5fac53001832be72010a82ed6eff7f42859c85127d60,0
0x97db6d964a7366f0732158f4c087691a91ed8a941870be72ebc3be05ef4df655,0
0x9cd7e677ab3a69a1134e88c683f9e897f9017724c1b0c4ac7fb10fff4ed3348b,0
0x3ab274f835d1939d20d0bbb72a1fb513d7a7a675,1
0x6f366e108b0dea45087243625d6314707602465d64f4b889c7e637226b3dc8d9,0
0x6c82b2c794a038312763ac67f24ade7d41aa6358d9484614523f1b90c4250310,0
0x7a1213feb76273e3de75111d01c02f574a8840a3e3fc74ed83415c27a5762028,0
0x76cb1325af58e5a9968c19295315fb8e63503a90fa6d4a5b9c15b60e05722ce7,0
0x268f652f0d10781c3da6921369d10393f5ad555bae3e563283cf89a838c8466a,0
0x3f4d77cdabf58f5bfd2ef20784cafd58334542f8,1
0x58d98241c50efc3910885ecd8e8595aaffa8f24996df4e9516c5df77afa05186,0
0x197c2fa10589a74e317b8f832248cda20564df455aba44cb0dbc75f70c984f4e,0
0x5d41106d9088f968f6fdc376bec83451420c356f,1
0x446d1696a5527018453cda3d67aa4c2cd189b9f6,1
0x361937b3dbdb71fdfb1f8f410b057077305c740e464439ff9a4415442710228a,0
0x0d87ca679a7ab95598b34eb54dafc356b0373388,1
0x6fd8f745d17577c6fa60ba1848de244098582d032b41847d9c318931983e7598,0
0x10c509aa9ab291c76c45414e7cdbd375e1d5ace8,1
0x514efa2ecc1be6228e46f45999dee7f1e9ed7b9a,1
0xf39385eb1113132d52175190f1e10b4fd08a10f7abff8d3c4df425cb055b9615,0
0x109dd106b68123f40b6112ee660d619d152db7e2468623ee57829c3be686c6b8,0
0x973a36262f88ca8d92562977c24533435e86e590e18bb3555f08adf79909de2d,0
0x4720173c5973f954df1f161da72bf68817c232be5bd60d2188ac06d5fbf2b498,0
0x258d778e4771893758dfd3e7dd1678229320eeb5,1
0x5d3bec310a4e7a5599ca5767641f214fab238b4043b0c7518a7aded93e28c7de,0
0x1c39e47a2968f166a11c4af9088dd45ccd13b13d,1
0x341fe0dcd9bc5b90270564695cd0d98500a9fdb3,1
0x0a147a04e13256c4e4dfbe6646b9547b7f05cb3815334926ae0a98375a6a3a30,0
0x28bc2a05c498fe7b7804a2823da2a105a450ac4c,1
0x05244ccb9114756638b1c222cae6797044cf96589d2bf50bb861877e16388b4f,0
0x2306934ca884caa042dc595371003093092b2bbf,1
0x30af4e7d4ea2c8806ed222d4d5cf4182d7481919f6c4e43b7446748fce1a6b7d,0
0x49f4db95362cf9a74ab521e3d83ab816f0107208c7f0c36702958b4d3ab6325c,0
0x687f43156f6b5630d23b59249cff368f77d1e54775fc908bfc5c65878941fa01,0
0xa357f5895d9a02bc8e7aaf2b4688bc95f216979a7bca13d43a48febe5208c36b,0
0xb4ace473d673d0111b095594540753e6327d41714e9172a7a63d9365349b4994,0
0x3ae8b3ae07cb09f4ca2b6250eec03d016017755e,1
0x48ca1b283148a9c90bb443c45360f1dd19b47f12,1
0x18b5751460b161223b434677202d96970f5f3931,1
0xb21608bc44e197e691637cbc4e83e20884ed0d9ddb6e44616da16a445f600eb5,0
0xaac503c0665d5624827be97088c1a29cb0f8d6babbf4d2fc00ce12c8af1bfddc,0
0x8c5ce8f084acf8ee177382c0515483c7229e4c362a65775d4b6e9ff56734daf3,0
0x2deb8f51fda96fa5e9a0fb43079e47dafca0c8a1c484d915aeea7e64958e4599,0
0x0979ac68670c3cead88c874faac743310edfa18c973c1f3821f044292b2fef1c,0
0x7d4a20efefde0e872a709baba8bf30e2674e07259a0bd70a3005b519d2fdb2f1,0
0xeb4f501db9ad16549f024645b401b3e2112305078ac1e18441e59d627fefe4df,0
0x559ccded35e1509465cb30ce6555b571f2a5a55f,1
0x78805188e055909a8f5a01adb27f76fba43b15bf83a6dc1b4b1e4d1e30b59cef,0
0xbc6ca236e7343e1b270254fc97b804aa872abe5431eb4d9fa4f0d323a2b4fade,0
0x17a0c75b520b172847da9e46e95b87bd8edbcfdc504289683ea3d0e21e59e845,0
0x259a2795624b8a17bc7eb312a94504ad0f615d1e,1
0x2039ea0a779dce52a956fc5d126ff9c455e9ecbc,1
0x3a10a30023b1b7c76600e1cc9bd1df5efb3e556deba1e231d874619b7d0785ae,0
0x2e9153f136e05304a0542e57939bcc80b0c16c45,1
0xe81911af6a6aa39b675e31bf766acae0c597f8cf9924ca49e6ceb17cb0d260cf,0
0xc4cbd55661653be35417e2089fd080d5b3d031784366aee333cae50dbc392ef3,0
0xc454225c90a7dc3fda5e44a3f1f62dcad02c4e16e42ac709639614affe92c860,0
0xf8816e8c721a72029d1aef4f2f3aff8562995577cc26f8cfc6e922070d69f8f5,0
0xfccf5603421d4ceb1eb995e9e089aba6cb04e08d855f663acb6ecaba3ea3166d,0
0x213019b9e4c0eed9f4fa3ea0da15f328657d7b5b,1
0x4ea9b506febf7ffa54afeb22cdc1c91c2686e83eede1653e53f3cff4d2189f02,0
0x028c9f860a4258ba3c795c97df8b0461b263838f2e182030191954970dc8711f,0
0x51bec6e85c1f444eb6ed58f103f20301451d5b36f9fd479176e7be1f205c10e5,0
0x533ac2d0d9c2ab84402aa95d5ce68e7a3f17f83b,1
0xd959257885d6ce2e411c7b21a41ca9c8c16b91838209a57c2428538165bc118e,0
0x44051250cecc4812baf11a81f94ffd0198e5e362a48b829363840719470c1c29,0
0x0e933e40b74b4c70fa48aedfedfd1976863d234fe2199183276bbb0edf2b69da,0
0x6123e31bf9384ac5946d3affbc830749c4999f58,1
0x0cc4682b1465bd3bf3b9b13dbd310a1f37c7500d,1
0x2a9709ccd03c44eaec353c9c7ccda05db7f2c8a46dbd3c89a483f94b6900f400,0
0x6415779b0016d6379b0c5c3441047be9decf5748ef1fc6a62b730e8852e46737,0
0xfbe4d346e8908e8dbd683628029f1a2032581c8af2e03db8210470cb8a6df3e1,0
0x316b2c6f0aa6d4063df716cef451cf70e80eaaa1be2f58fe6c7d2586b7017d31,0
0x12736c6b02381c3c50e41db3a69d7bb651a77d57,1
0x536a6ba0d913d5d6a4ce2c6eb7ed0de3c0f0b89e,1
0xa823c2be0722426a18918bb55c74fc06c5eeac73fc15cd46c65c10bc995a8f4a,0
0xece2cff8693878eef6cbb07d5649202824f5afac37c8c2f836565cfb4d997373,0
0x11c98456109226b86e77dbb2446a7998a2235141857514439c78c008f864626c,0
0x440b7999338e735fa4a30f5e47c603d5c0f00071,1
0x285bf58ca025618b4c235c964ab1014796b1af36,1
0x30e7d757006ae8f58edad2cf3f92b24e29b799ab,1
0x98f722dec64ed76346fcb968dfbd4fbd8929dfbc7c5b127ef8d4ababe1fa9564,0
0x26bad8baf94001cd778731f8fd84b6cb01859748,1
0x916bccd2ba7527a6114e655d982b3e9310f1d6dae523de6f8d18c74035c198c4,0
0x803e26c78a5b9842dc5caa2f97df2a8a5dfd11f03d6754fb80376784c096e2b6,0
0xae35282c096d5d27197e4a3fb7b1b0450b90adec8636f0f67290eec3bdeafb20,0
0xc003fbd5b157ab14a9022a4c655a8858377849d23d00f1396b49ed22b18acc7d,0
0xdd58ea28b846abba6e98bfa1c63968767607a47320dfb9b14e99a9e744302739,0
0x63ada1fb667c6577b8331ad56867273fbac8fbb74cd44fff55765c18747d9585,0
0x8ef7a9726e9ad9609ebe55e16bae42b6cf5f92334617c3eb42cb0afa16a82ab7,0
0xaafda5ecbeddb15d4d0364fd8c3ba0321b4e4595386d0ca7e49ec890a449e9eb,0
0x5b01ce6b9dddfb6a1ea7cadc0cb79c27e44566e6a158ee85d3aa2806d29e8c41,0
0xc3df3cd21f8168c62dba0002e847f48574f6280ba2b2be1391909d620deccbfa,0
0xce9cbd36d72f60822dcb92f1694185b129d2b52c9a3ca414f3c14f7da948832e,0
0x667781f8e87f068bcfdf907d643b624eace2e784a5ba2390eececb06e724de25,0
0x3a83d9e48a3b2f58490e76461093d3256427e01a4ef320e02dd8fe00709b63cd,0
0x7555afb40e7215432e6654fc2739db9ec64c42342b1a7542faec55933d6c6626,0
0xfa6f256ca28ac7e82a7ae8e8b3a54afb68a74732bc74d2290d9588bb5c799ce2,0
0x0ad8a8539de3518a294e53ab0b7450ee0f15107bd8644dd7f378892f0561c72f,0
0xbad6dd7e7ee3fe5abc8210050bfd67d721d4f352d730ce0159c13858b2c4be96,0
0x296288667f1273330549a3c2b8d0a512341eb1b0a5e13dd63aa6eae7c8b50b80,0
0xdb097462ab00bb624b383f9a0aac6f1b3d95f0a4d9671394e33ebf64e517b117,0
0x140cca423081ed0366765f18fc9f5ed299699388,1
0xdca2ccb9fc9d614b502267e9338a1eb14f3072f0a5e8ac9e0ca7b949fec8cf2c,0
0x214d81ea7bf356957a712fffcfe06e760ac41b00,1
0x276b60d3f7810316505e16d764d60d5214261cc1,1
0x4229a873bbd207deef8f41e807e563c26033d118,1
0xf1c7171fc8ba1032ed6dc8ef6dbd198df092ca3ad136b93a67ab516d000a7695,0
0xfba48887d189490d68c2fceefcc5e77c8206a504279df5d8271ee17b9726f504,0
0x43a011f17e65ac2051985c84a4ed728dd36be1d9677d47731775f32cb13339a7,0
0xd4daf55dbab0b6fb24fddd71680e5af5377943257833a5c26ec277ae275268a0,0
0x49d2bee620fea0f92472384023a82ae8de38c6d0a051517c5962da0512fd6e89,0
0xd63b1cd569501b1b6ac690e8bd4bd767f005935a5fbad466bd14c6a96f9f7114,0
0xc871757f9d10453988158bed54d7b48cecd75ddf715791a09c195b458db3e3cf,0
0xa68543179e5f145b5f45861114237079f339ed9efa7b9733169e0fc4807af88d,0
0x6c053b0d8ac6ccc02601b52f149eca1076c3cc6eaa663032e851f16157586131,0
0x1028a32826c58a42d978306b00b34a15ccf67415e4c9cc3fce3b5e4bf5522145,0
0x012fb9781c1060640b73bccd65a7eb097c413517d50203ebeca115f602791a79,0
0x50228d83eeb60f31f6e58a0bd608228e9a17fe03,1
0x223a6e6152a2048bfe5cb91285635bd3ab76ee519814c2fff3762499d574e93b,0
0x2ccc076d1de2d88209f491c679fa5bde870c384a,1
0x5a907e5b94987c46e2fd51b01a7dd651248367a0,1
0x93b03915373984930150efc1784b1e6224ced8eb32a4eeab42dab0c3948888a7,0
0x53e7c910e1eb0ec27c20cbd09f0c1b98d3f19ace87f32eb7538cd19de90b93d4,0
0xe389384d66ad391cf420ededadeb28d9b0783a0a509f0091977abd8ff47656c0,0
0x46a3cd4d817d026389121baf69307a2d8970179e467f7c8b150018aebb168d0b,0
0xc4c8c7fc2faea3ddf8351d1170cf2d55ed76ac5c1fae41e1630a91710ace2705,0
0x6a30ba2e363c689788ba56d0056cf6a7e8de8d0f716621aa45c036d552033b55,0
0x90bbba70f2c4824df87b9bb500914e48c87c37344119e1cb35df5d583327336e,0
0x69207cf50d184de94491f646075c83f70b6420b61f110b903912c63e3d103b66,0
0x702351f5981fea42b2a3da60d4084fe129d1139e7cfbd3eebcc8df7f17d57e3b,0
0x91806be57081c0265f47363f219ec49e98c2e0723e1968f6112721a360e63e8e,0
0x260f70d58e22a9bd957dec7c7de1bb842d68bee0f7e4c3e87bad7041a552cf9e,0
0x9f8bc96756f4494bb4e6337a2fe9450bb5b363c2cd72ade5ff82bfcbe52cadfe,0
0x339150b0851bc5b3c0323789a58cc4e4afb38b37,1
0x809b74550f1cfe652f696b9dc74143436848dc8267a3d1e3ae3893300ed17382,0
0x4305b1372f1b244da0b32aa2b6f8ae0a124b50b8,1
0xa8b172c1449f7cfb6ce93ae296c9d32731ccf791b5dfab6d128621f04ecacc36,0
0xf8d345e09ed2d08bde1c8fd22c8c55bf8b9b940e3aedb47735067dfc50ea4bd7,0
0x37f91b2a6d6afd75967029e60ea4f1991623b56b2ece1cc74f5fb23954d1ae2f,0
0x569ef72b16060302a0322109f52d14900770f21928959e1654c8231c13928d87,0
0x234e4b5fec50646d1d4868331f29368fa9286238,1
0x9399d9d81dea44df88fdc6236da3086e0329cfe63deb649c5516a0cbee326af7,0
0xd667e0e0ac40c8987e16a402407323afdd84ca4844eb043a11468657f1d3e523,0
0xb03c982ef9da0267811859c9061c7df41935cd5442a3494c2f01980dc903d57a,0
0x002ffdfc96f482556c7b555100ce79034e03f918ea87f9dac2459f353b58092d,0
0x3d201c408b9eaddc76e27ad45d986c4d9c13e0c6,1
0xa153f1f376b08c4d796cab6b7b731b1217336dc5b4966e7eb201ebbaa555612c,0
0x465cd6299775dc459a23c80997d2664656be9780,1
0x62a4e62811ce72b3f4fa9e476707310a14b254b898917b0f03c81e05ef1c33c8,0
0xd5c6aa865ec6027cb51746d7f4d6baf43b6bed7b9cd3e0dd248db9734653ad18,0
0x83f2e72e17610a336b888585c36e8033ad5a755d0df42360afaf8a0bdea8982f,0
0xf92cfee32684c43f3cca1c9b42256384ef33d042a1de380c59c0dda40779cca4,0
0x47dc6f08214f891cc910d6d2abfb504c2584f14f,1
0xd521c0f3ed11700d79c28b0453d7942533ef371132351f6343430abf18828ef3,0
0xc72927c397847912b39d5f17702e5e0df45cf7260d1b0902ddee8bb544de50c9,0
0x4d7e9bd4739b9dadccffca3a4cbfe7040ddf40dd12c887af4e0b0862ddd5ba22,0
0xd899fa93dac0533e19d5bf7aeecf34ca2793659bcacf06063f3b3fee8373ea90,0
0xfb2a44d8d8cbdb2896b3eb1753476084063e4acd5e9d63335f8aa0dfec96948c,0
0x8ed0e51ce1977773e1dd2f3ece5455f7dd738f391b524e0ad76d5740c49ff79b,0
0x609e209846e3cd2363905df9fd85cb4b47a0755e,1
0x450c0e3fb6d75039f1c06fc6d01cb3feae9952af,1
0x7362a1dce46a189b4ca99a38bfbbc79a849ca238a37a82d8159dabeba64a4942,0
0x5b55c26d6721c2bc101d6ab8adf9c6c7310b4730e7b8f67b719cf341bcdde28a,0
0x9cee2c81d88ae6cf061a4ffecfd552588ac3a13d18e92f1a7295124b99ebdd74,0
0x5468d95c127d1870bc2be7133e9c276e09b1e425794482cb7af01a67bd297f73,0
0xad72cb82df839c19d777fc3b65e6232bad8aff341ef47323e861637eed45fd8d,0
0x2e0c9d2ad291fde1047c176d1fdb9b78057a0201201a5bd58e847cb884c46630,0
0x1166cc9fd8858a127e2843edcbaa9a390a29cecae52efd8edc9130c8a2a8c8a4,0
0x3919972361d5faed6fc25c5e223f7f23dbe57b1e74b47aeec9282135f910c271,0
0x2fec07865194447d25786ecf846adfa067de02db8750a5aaa7d256e2aa050504,0
0x409de70d8ad0135e6fd91f343899b93d903c998b,1
0x6a33dccbd6d0547b1db1f02fcd451c899deb42865f5964131bd717529a31a3a7,0
0x0dafd7a1de51b000f1ba1e0152ad8d8864dbc1683813448f8cee4876f41e118b,0
0xb1b6b2edff8aca943e1c707a10c24accb610aafd2da080a87d83acef52400499,0
0x4e2d0dba612aa460d2428dd18ebd739f5eb1ac782fa0e07e4ff8a8139cea9a71,0
0x5e6dcab4f8edbfc1537b804803d831e5f42d8f3b,1
0x3245e504d75e4148a491baac5066b0f26965567d,1
0x303e50180fe5794ba066e227f376b22341aad497,1
0x5fae008b0527221fc5482ecc061dfc01fef5cb7210edcb4c2ef4c0cbee337846,0
0xcd7c03d80f17cfe6651831bd99424084c693050b8c6d8c805b10c234ecaf3d18,0
0x3cd6ef508c1c448e293075f1de2ae96a49e18895,1
0x680737726bb1cc098eed1b35bdeef0eb61cf5bf47e4a083412027c2582629369,0
0xe9cea0b3d3592deea8914cbbc6c7a64d0eb6c5d117a7d9f21025018190d95ce1,0
0x2aa830a75148691fe09e1a092cf4d6cadb0dff08,1
0xb6f8a6b1ff1694bbc382237f85c26cd52f4844fdb0c7cb45afd4e369b8cc07f9,0
0x16c88aaf250ff659088a94e47f4ce3ed12840283e83098d8c7d3acdd0ae34663,0
0x42a2581bbceb590a08a8c044fc6b54edbd4bd448bb3a30654085eb0f59557f0c,0
0x4a7171da912f6e6a4f8f000eba05f691bb408ebc29f0a4d650da95570080df62,0
0x5fc1a940baa5cfd07771a2c9b2341626e31767f979453dfd7b09ce62200e8e54,0
0x51006dca3f69cb75234ac10a81df2c182e963f31,1
0x2c3cc0f8dede2eccae43380ecf29b61fa6d10dca,1
0x9be0accfcba96b7e684c77e00ed3354d89fa684875ee6c86ddd5b06524b29d37,0
0x30dccae16d8ff7509408718b573b43960da528e044b8b895be4fca7d75660d87,0
0x04ec280e3542a80e873e5bf9b413b49899e92f83b42a936cd3f5b04689a4bb82,0
0x4865e85c72a27ca6c362da75ba6707c07464b953,1
0x097b7a9decabb5cc15a7eb25c9600dbceb7eaeddc169a7fa24591abf8d85dbcf,0
0x0f7a4c36b5ee28e581504e8dfa62fa83a11ca7a9,1
0x4ae3fc2ad8c02928e8688637e8ec4b534e658801e7214727d9bc726b98fd4a6f,0
0x125e264b0fe73d7443e59496f22a4afb4bdb81091bb6bf3ad49c21918097d5f4,0
0xb2023a0f837df61971ac2e19c21cda127c732c4c8e792008da8d06ab46819249,0
0x9e45e8b7bfd1d0dd98a530354b9f5703aee34e677e1031325121a28b0b4a8e53,0
0x12f5d0c16f0c0eb6c57751e3ebc2041bda8be2628f4af5932a794fe2066a22f1,0
0x1abc65765fd0df7d997635ebe3027384bcf7923e,1
0xbea7d08f0aeddd228744ba0a0c546aaaf01ec290ed9d30905ca1bb801ee716ab,0
0x3d11b2189ad65e0e91e2f2b0e07cbc05ddc75b7a,1
0x6bb4605d9eac1706d2e851b6f393c203827bb406919010d2c72de1583db6eeb9,0
0x36b416dec7d6881dbff651764d6a3d76e2407c78b04ab7e01bcb4d802283d67b,0
0x1a4850a1da8589db0ec5d7231a3ce9365f7ea63b69092eabf5e11d12007868eb,0
0xfc26d53ec054b546d3fbb4235c7a695c2d318bb41d3108e9fafe76b93a404eca,0
0xd1b5ca2474ba54c0c20f4ab8f15acf650ef8c300377c847a49c5b1daa9bac5c8,0
0x49f053b866c33185fa1151e71fc80d5fe6b08a92,1
0xa4c8f735f87921f7e974e247de32411c0446a8de9b95b07d1200788449e04813,0
0x0c8b740e3377f2be7a108aeba6a2f660588c728d,1
0xc4ae54c118b862507b5635e2cae22a216e8591b22624d2d0f45fd42f8c3cbdcd,0
0x738fa270555caa40630145438ff85c73b8126cf748e6fe41a0b39c9759fa6493,0
0x0fb1b5606783ec7aa1aa393e161395a47b08d448,1
0x21aaf27b6d5f7d607f97a854e4d30dc03f3f79907fadce5ca0651ac9c2dc4dfa,0
0x42c72ab14f2e57ca24959caff1cf1fa7fdb726c3,1
0x2f87445c3c81a5b268adab1915235a94aa27bf54,1
0x1ce7986760ade2bf0f322f5ef39ce0de3bd0c82b,1
0x7667dafbbba6e366a371c96c7c116674160a1f9f42422ec5f847195b59efdf65,0
0x4ab16cdc82a4ea4727ab40caee1bb46622c13641,1
0x54fd62228c6e1234fd5fded28555ca963dcf6d26,1
0x8de356c8af210d56db11220a8e80e90c44a450617527a29377f38174ff6da2af,0
0x471bc5bc0b9614fe4897611071a3921e09c6e7829321d2a05d4ac722a1639078,0
0xdb0bff5d3cdf84b6bf2fb7b9b9ce34d6914cc1d7d2d9e865f304e9a2e185c277,0
0xedbb2ef855f764303a61ac3846064dc43877308e455615206e9b6e80fd7ca0b4,0
0x50f73e2e02fe63f669fb3320960aa48f42cc99ef,1
0x275498d1fb7ffb5b521f89b23c84224af9f96ea6,1
0xf8d962e9c827d071559a3f4e75b0d894db4e766b2a97544076f3ea090b6439b5,0
0x721a212783825b08e7ff0836502a9784f3ba38d515f254a2e150fa6ab3eafd59,0
0x4bf5dc91e2555449293d7824028eb8fe5879b689,1
0xcb784110241851e5cd98be9fbf0339de5c6c0a6fe4c3a7e4328d763485028fb7,0
0x3c2c737255adcd629042fd93e2123b285f09586929097d5740e777ea1b754683,0
0x3610d80ef3e2ca614b940a43b8b3add4fd09a61b,1
0x54ff8a2d0a94d4652cfa0f91e1af092e718ffb1b,1
0x3e4b3adebcb2dc9d8d7615f232ee782514fe53e3,1
0x21d73e07481fcf2d2deac1d1a58eb421d747d58a,1
0xca0a1111a587cc6421a448b00a1e9760199c7019726e9b4ae64de4b657dce849,0
0x8a55366940a2c3d21b392deda9263c0c335487138dc4009e31788ad6a479077c,0
0x90430771ad170900d3c7035ad9c9185952a92ed15f7bc6e317b6274e87b5c2d4,0
0x34a28a0111a238347fe30a6c91b00437f8438357427c5e759a2f7577afe65144,0
0xfce868d27e3c3d2ea3d4ac0e900e7c11930d8395777b68ac6fe71c717fe98e7c,0
0xa91f17fae5eaa535587d73a78bb762578a124c081d7abc6deabdb40bfcef8185,0
0x01d958731db18a55dacfddf1d0ab7e75a92e7d8e024ebbf9ace2f853ee8d248b,0
0xb57c736ee7a9a7ddaf901ce8debeef8c6b8e384dac01f00247fb8ddb60e2cd65,0
0xec573acff13e7ab879b2ea87f7297fa4b48fe0334268b2b709e5bd3a90fa9b67,0
0x495a8b1fdba38d726e514e95b4f1657c69fefa0a,1
0xc1942747d77077edfb1de71203fa5ec842893145355c2be456ead5623a24fa6d,0
0x3347a1570d4fa13ae19c98601bc59a9414d7ca3f42d5fd704ab29f63e691ef28,0
0xe81ffb55f850f8a0212a96a78563435c3b06276070db89546432b0c2b4535118,0
0x1f068a896560632a4d2e05044bd7f03834f1a465,1
0x3a27d284f59e36555ac443143818969bbd15a137,1
0xdcb7ab8885bf6198b466b29887bdf1b208350bec40705c82d932d1371cacb6e4,0
0x06d4ac4352d3cc9f555327066d6b6e6f34b0fc8a7d631622eb62ddbb49bdff39,0
0x1c85412702c7cda339f9343f5150422e5ddd5dac,1
0x984025b4122a9ed4e52bcca3f635dc6a7215ac5fc871ebf9923b96f8c13406ae,0
0xd2bf1ba01d4f5e9903b2862fe96c8641d534b6d837c7b06b243c9a7324294e54,0
0x580615a5c1d7698e997dddebeb27820777dc7558,1
0x4cb84e3ec855d2b1883c78aaadb9e8fd438030a781b7bb970676e4d0887e94c5,0
0x9e2486bd9457cbcb28e83c2a75905562d3e6e20f7823fc4b78fdf8d9242687e3,0
0xb268bf02af5b8c6248136610abf62b9f601118376d8b0586e14c7f5c2ffdb288,0
0x5ba7bb3c83d3cfdc00e861b839082af93e8b1f217d3c826a5fc2c148c7757eab,0
0xe06d9417daa4284a2d3f6488d03eb963b376bacdfcf54f668c97384dad82d623,0
0x5e4c01d1b05bff47117d69a3ec41e07a8bde6e22ad4da7437239f6018ebc3276,0
0x823d973045f4731c0841182457975559cc3d74b405a9b0129a70747c71678cdc,0
0x1567dcf1fc89bb234642603f1358b4bf6789f1477cd7923e61c3fad9ff1daed5,0
0x63aaf5986cd988a7ca7d45c342ca5ead4dee5a2b8b94bb01ffde589dd9d82b72,0
0x3d300602ce873459f7c112369af70666cedc03259495d58d6cc3286d39517fb7,0
0xd1c7ad8f786a77d15544020a3f55dcf470abd4d89df4d82f1315d4419098d21d,0
0x3bd3aa20f50d3f69770be474d2189918347469b1099029a534e53d3f3cc6982d,0
0xef1334cf21794a71ade209b2c34d7739129f87c512590bac190054d089b6ea9b,0
0xecb3164f81509aed65e15a73df4eddd6aacc05ac6479bf08a94a6fa467861dc9,0
0x9f2d4df4b6420a97d8d7a07a9b3b1a6d826ca7b73cb163ee98259ad8b29855fc,0
0x05fbe210102428fbcfbedb3aeb7f9e3b723bc1c58911a9cbdcd0e7b7712a6b0a,0
0x3e15aa5ce3920d1b7599b1292c773672075da048f738591bfd3060df1d9352b3,0
0xa226dd5aad17f342460e5bbddb9c021c45933cd1e6b1fac200e529b11ff86be9,0
0x38313c0668c897b6d591a69e0a9fdc9305e67b55,1
0x91a0e0394534f7e0039f0f026997e8871aa8c5b42533275b990910b97acbbe65,0
0x7397b6eec98015a1f126b43861df2c300af4bbf40f316568bd412f4a4d014be3,0
0x3506b7eff28e41ff0746a432897777973cfb2d46,1
0x2de3d99fd9a260494317884c136f8635c2e05bd3d65d1f78f02d8dd71949d21a,0
0xe08f662c23f8634a4a35431e9718332007fec86afe858402ed150ffb5abc5065,0
0x14d1b27d79e97e96622618f9d4fa9b1e1e9ef082,1
0xf2c352c4a386189a6d7921fbbae14864207192be2150dedf57fbbe250f0c0ec5,0
0x73ff32c77d098bdc088f0000f0b26572cbf22aec98fe569265b7e5e2579c4f7c,0
0x0c2614ae419cfecc85a5ad12f23b8c57c02793147ffeb2a6c49b5c5f438f8026,0
0xf741a37c62b93b929c69b662adaf0174eb8eb0b8cc4376dd7a504c1c43e927a5,0
0x72c9747bfe504543a26fd9c733503f0939202ed3795a5caa6f9a19a0c4132cda,0
0xc02d69a6f586cd6aeb1df9df9edab0191dffcaa8d52358fad85be023e7fb32a1,0
0xfed266c7e9a3b4a6b141c39feef4f3101ca21c88f0d9a76b4351d7d962d128f7,0
0xfd20eb63235ee59599a2a42c858f102a78ca1d8cd3a0d729597a9f503fa0b24e,0
0xa64875001f15e0637fd273a32a1169e8d509a0bb3ddf63bd026d185c604b9611,0
0x5992f10a5b284be845947a1ae1694f8560a89fa8,1
0xbad43b21c1850333ffe77e1842b1514c82fb97649e948bc4c246f12b2ae97525,0
0xd32766bc00b4b2c5449ae8dcd87137138b0a34b94189b233402c976152781d07,0
0x238f041de08b142ecc5de40fcfc10f4c50124d7cef1315d04ffaa01f85cd81dc,0
0xd26b1ee753ca439257ab7ecd2d0e6b3424a0602e869e63a79fc16eb12d8a40af,0
0x161a7853f7e92620abf3c2411f4c1f1374813c3c5113c7a12bf4b821e6624b0d,0
0x17a459bff9277e945354fc32b2daef5211fe801b,1
0x8765436e096f18e8dc08f4f4a15428630ed9ad30280ce64386b7f2cb87b96c11,0
0x0077d20a2e9ced03f35a143403b780cb2dc8490e676e1fb175f9c7164d317e82,0
0x39ac3008be15cd3e3f23786faa0550c3e0b92ff2,1
0x5e5d6f6706420f932d796c0f28a83b26dabcfd8d,1
0x79d193673d06ed761461a3a107de4264d81c9a40046b042d5c22ebc3bf46b76c,0
0x1dea82c5628ae89572a153a556312832ee33fda9,1
0x615e7bfb05504e8fa6f1ca92ed3a60926059f69af84d2caebb38bc5ef01e291e,0
0x205213065c083d274927882579339c9b7884d21a,1
0x2909bb8c2c3db997134985c4a979ec4d13b0862f98ad926990f7f2fa4889cb01,0
0x1bb6123913d0b48948de38c3b75fd3eb3b4fe7e3,1
0xa78df82913b71d211840088ca3cf1cce0f971774622d0f9186315acc2bc830bf,0
0x388bb4cdc7539f1fc4567d85748bf1af0c7ac542f277c3c71d210cda034bc03c,0
0x09c577d77d5b6a69cfc0160509a843ee156673709d50b69d908e782881423b5a,0
0x033bda3ddefc1f2b2e812e71c855e00279a1cb600fddde128b4ba5972558b279,0
0xfc01fa2cbe9aab1bd3c4f8a795f77b9113715067a6c8abdeb31ccf5588bac53c,0
0xc205f5d29118475f073aea5c8f583beb865a19d7b3cded09de75086ba68a82a0,0
0xcb66b00d400277f8b7f1928b7b69f2e9b0ac92a2b19dbbd9269e103c4e376209,0
0x3fcb2d173389b7cd8079ef8b439dbd92e7e0ae28,1
0xc39d699c516653c48c263de2c8c0f086c62add4b53e584e3a602cd78c8a8027c,0
0x1898403508aa8d5bbc106d76c34df8746c94a3c2b664aa43473307b4d0dd62bd,0
0x53344c813fbc35890a7304187dc920358b5acf4a,1
0x116574a18659f0063150e0064e4ea00349a1492c,1
0xb9fbb886920ee594f6bb068be7425af7071bd1fe2e64bf191f5be9b86e89d05e,0
0x1368e088682b3ea455c4856297365542ca6828d8,1
0x761b338a30c4cee2c23f475d4e52a00feb0c8e0ae6f095aebb080ff1e1fa34e8,0
0xa2c9e839df19a6bce8252a672479bb578daea2fc59fae44fa7b899568adec8e4,0
0xbee15434f614e87ddfc97c71c33303d51b6647aefe852d18d83b3b9bd61cce32,0
0x2a5e4c276810eba5cd159f6660366ac8db4a829d675cf509777e1514624b13fa,0
0x4ba887bf06695147a9a42035cdc34680f685873730b6c7dc5f14eace633c4ad2,0
0x3c8ef342cce872c8ee4a41b8539b3ce95e2fe699,1
0xbb19b1e177e7fecf9eb412b88eed450ccaecb693e0dd1e1e2deff67051c742d8,0
0x2e24a457ed2f115e558552862e6cca567fcc61d6,1
0x815b194aa5fdb47c6bd899389406d4dc7620085378bbcc65d105853c2513e8dd,0
0x8ba4560b6e69a680e874460c303419c8bb8c9c7b410911a8a88d727fcc5081ea,0
0x36794518b3ef84c4b1a40af9540a03292f692c38,1
0x4504bfbf4ae479f179453db2f5b65abb9ccd5502,1
0x3aa2f7680d5fd658d69455701619f56c03299ad02ce2c32d3f0f2d9b6023157f,0
0x51c0824e16b3b06c3d6544d74bbba1d576dbfb7992909117dfd990e945e3fa0c,0
0x592d47d526c500facb43a0ad373cbcaf80253a1c,1
0x12b62fad1f5bac3e3653d05422c4816b91a438ad,1
0x45dac6c8776e5eb1548d3cdcf0c5f6959e410c3a,1
0x05daf9602b4e4f2ab39be5b9fc0d3498cde07c47430cc017c4aa56a12397a0f5,0
0xbc3aaf641f29e1156d2a8ccfee67e54e265c9103657dfa451a0c77fc8c876796,0
0x0c5eeb7dfad69b63cad56352582ebed7d74c6d2c8003ac0cc227c3357b7756dc,0
0x55d035ba1f4ae932cf98125b93d830d9858cd39f,1
0x3c7da9941d51b9c67311d0c38d51ed3906dbc86e8d54cd61c34f9652170ae44c,0
0x2d8af0c4967debbd65f347c87f2cfa3ac6162917114406a5a1fa02c50437ae8f,0
0x4fd942e51d15cdb966b58c3297d6d7e24d27480b,1
0xbe0e9d7c827003e95bf63bb0c078bf361c89df16144784cc056c3afbc7ebfd3a,0
0xbfafd1b822a9ff0a155a39979d65d36e1f3762c778cbabbb0fd7a0fcd2812612,0
0x0ba8d7a851bfcff2c19028ef0dbe1ebf46f0f3e9e958530c67078e8caf17f18b,0
0xe9301f66fbce12ec0c9ba04d1556cac711e97e4cd466bb3072775724d62c540d,0
0x11343194b9ba84c8e5629ffec4f604f410ed28fc,1
0xfc456337d0e0d1b5b9689bc7e0a981242666d67b29463ab5b8c6b9c2b8fa317d,0
0x6bb334333a679ed072cab2469e468f52c7f5e951a1a43ede01d9f2f8dd193c5a,0
0x25962c867fb07a4040194216cc8cd0d5b27fbbadc779a6025177fe4ebbdd0567,0
0x402db7bc77c259ce3fe639b1d5c6cd94eb35547c,1
0x2dc5616ec2b9d24906f0e11dc8d8a736392dfedd,1
0xaa15ddbec5d9b3d7ec3b29b7f852407ec6b7a780b8ca227b5ec8c4220e2a5b10,0
0x3d0bf77bd32300495b3e16e22335d7c4f4e6e3e2,1
0x682fd34d35f90a89d767f9dee8067db935d940fba1c2906c7ecdc2e11c52797e,0
0x24ddd6e7d5cdc29251caa00e46c7f3c738a78070,1
0x676536b2ef254c1a5fccfe58c07a8d78dcff74de0e4823c0ac493aa827a5696d,0
0x0ef5d5e346d9d9129d26314b240d4dc603a19542ce1674e5b13f3f6f6bc459db,0
0x3450bc589d93bad1b1a48f8013289ad52f6bacfd,1
0xa44d556708b50b167260424aa800699ea3dfe8d7077be262dde21f0bbe8af436,0
0xc0f0b9d5a69ef93e8fe96d6f14218252df71562e964ab69b41e4c2027702e0f5,0
0x3734b773c46bcfffcd904cdcc16adb301f5e01ae15559a8862d62aaa3e17b677,0
0x1b745b1965bd95cc87895b66cc877bd0897c33e9,1
0xd6eb741a92f8594f22884819f5d4d1c90cb199856343985f99f1bc981a433026,0
0xfd80339a7e73e4fc111131f06c5abe70eeeb6f18848ba3ea1c33e45ec69c9f87,0
0xc04dccd9470c4745553fae8467631b44b2ee1abf1fd9a2ac5c51c814d873bcd3,0
0xb4aca93dfa10f939947a90a463dec3e1a8a74ea65673974c26610c824b902474,0
0x197e45d545f4da0c3f15002222bcaddd9d3d7d37,1
0x74de81f660c098dd954b00ca4be868581747689cbf2899acfbe8629e2516ac1a,0
0xb8770a518ac24064dd5df23e8a0476dffbb316b77fb4e9debcebefa59e3f78b6,0
0x1ff3f56609d0771abb49566600febade0e708beb,1
0xc3eaf159437c7275b4f089f907c19cb773c6211b89ace2ae9cbd3277ea0c9748,0
0x5a6f346209809907f623665bc6208773f94d6b5b1c94dd1f50ce4fea005764cc,0
0x869841b41e036b7933be30983aed18f047490a6ee1713e00b900c8d7281fa29f,0
0xf09dada5a376d90a33c5bb3592b8f5730f256c2e4afd14baaf0bb558cd856192,0
0x1558d3b0b727193464841e74067026e36ac01db1,1
0xe7d9777da2115d9b706eac02538b46df97f614d6f4e9250bd540feea51bf4c8a,0
0x85d00b09f9806f14de6b4a27e2da7c4d106c6ebd18c3cfeed778ce60a68de960,0
0xa4d623fb4190e788f90b12711596aa2c482e75ab11093005fa4569666775cdc8,0
0x2d99a28837d1e961fd9c93e773419bb16789723494d80fcf962daef0b80c988d,0
0x50fc9d6b63f84b9579054a5192a99f858efcf714ad86b5312ab25cddb13bc21a,0
0x6d9701cdfdef80b938bd4d38ee7f38d258d798ccc5085b4f97a9db5042947348,0
0x42265e06267d5857ce0d28094a122f453ee66d37,1
0x52b7c8857be3853fa68e09d9ba7a9adf075040ea,1
0xf7ae3b6f47c5e261b1ff06da904f936be1f1501f6ddd371662f5bfa3027c9ce3,0
0x8048d0bf2fafa0ba4cefec7632bc3dc341d4f3cbe1fb185ba6807fba1562d9fd,0
0x43e06a03c07a98fcb1685ad88b22b5f9b1f2c0658854a0d53812c3ab72df2958,0
0xc19862c8a4f94d357975a679f73eca35a0bf577dc819b5e6d185575c7a5745d8,0
0x18aa403c1e4261d488395f619c129db19672445a3bc9564595cd639453dfebe0,0
0x19cb48b0f9ca8dd5b395e84329f59237c34c460582d5d1c53f52262ab4b8f989,0
0x347dff71a3968c8d75b2d4b5495ac2693a4040e3182fe9eb40d18b46ff090131,0
0x6e997040b6f214ff3bccf10febd4278e8d8718bfed60952b09897e968ff3c844,0
0x9a1f04d9a563f96288acdd3528ab8896972ceac1f7253ce4bed72d6331c40e8a,0
0x118ce64d4107bddf3eb7adfe66964431252fc67fb71a356e29d1acec1e5f0e27,0
0x83eb90314378401da409b0beac786064ffe1c891a2f09e6edee45f9f9ed1e8b7,0
0x5cf721042a1c324597aeaa98483de2cb2737570bf76bdac36d9e27d437320dbe,0
0x028eea5b4725448d68c04b7b8b4dc25d7483fbfe57638229cab3aca46b80fcba,0
0xb21edd7eaf2b736fd0a0ce498911bc57b46cbfe169a9b6ebd530b8e8a4286e75,0
0x9ecff2629a21e94b6c84228eeef003ac42a4b986b49c8cd7fd0c9786ff671f67,0
0xfd5d3e40491ce1bdbe14b875ab0378fed10aeb5ea8d04a80e5f8f74b7c5cc291,0
0x59e106abc42dfb1a825fbba029e83f86702b1abe52737cb9e5d423f4d9d8d865,0
0x1d95fbc578dc0d565fd02ac5a1cfc5490e592def,1
0xc77e2bc0e045fe20286c28fe4010dd91683481af12e331cfc8369a346de717b6,0
0x230d69f443bb94a8f3e71890a448d237d897962c,1
0xd1bbbb08bb737500e756211d1cf2a2b61794c7ca0ffbb4868c7bedc2fff81761,0
0x4e88419be4e8643d98b15f8b6cf9cf3f6ef1fbfd,1
0x37fc7c7162122c682cf4e09fd73d675820287ad1,1
0xdb649e4ee753814408bd24c24c281aefaaffc52cf6a214cda3a06320ebd4d766,0
0x739bdc309548f1b39734dea2577a6b30f82d751a888f0637b4b55c8e5454607f,0
0x18649e06bcbab15b2d8bc3b31bd6f2fa98542dcf9a276e716ccabd5870a44623,0
0xe3dfd479a55b7b1cf2443ae90b27a6d264c55046ee098ff83d6dd4eb9a3b8d43,0
0x04551ddf8abe4660e61dcc0eec28537593705cdce2aa1b9375d7ef00d9fb2dac,0
0x9dc2ba58bf21590080124625bf5d361633efb5760c6e5270334a2fdcd4aef8e2,0
0x0da4eb121142879db7cb4bca6693c94154d07339,1
0x2943f0ed659f37d3558eb6f9f4393b44e04ad3aa09f8724f4ad54cbe46766b12,0
0x84d82bf4651692735119d54ad028a896e30b82bce738b5857e47da5f4d4f9fad,0
0x21f409de22c4315e370bb9b3079a640f5f7b0a0dd4ee793bbd98169dc396c0ee,0
0x0d2e2b045a2298c89aa01cf3172eaf840ba0fb630850c8e42c685af200f93734,0
0xc64a2ef05be2d51d4c0aa2890453823f29b9d8843dd80bf1547df080d762d71f,0
0xd40a81579c278f61b10d5de381a9e480a9cb6d3b755102b329650ee5b38a9f61,0
0xa54f8bed1182762ffb7000148bdfd3355ff5337d4b809066e9ecc2113995258b,0
0x6fd944495d3ccf8aebb33bcf935c4f49720b40eba7076e25e0cec9cbf795e1ac,0
0x2ac5702f0cb3db69025ecfc10e5b5ad716ebdf76,1
0xb5ab140acf64f60edad509950a92495b5ed55ac238934dc913703190a08035dc,0
0x534d580b15a259ed4a52e0e8dac0cb5513e2589d1fae2b96cf4e2dd8a8561a34,0
0xe1965f07f2e22a7405a226974f89915de472f2f7b4a6b0964e71d0a65af12e88,0
0xa9e29440d4378d1c5091cde7b7481357ac988249c7a5abd0855c5c748becfc46,0
0x6a6378bdd5d442ccd44def6b6403b558e28ff2256f649627ea9aeb614de3351b,0
0x21b56ce39a62c45644eae5c22dc56ed7bd92ffd3491029d579c860e77a639b67,0
0xfecc0302bd430636792ea85cb9bcec9b6dd32a401f5420dc6a43d03953d1b534,0
0x6c0df056118f2c0958f6e996ffc203fd59535fdfb242a4866ef337da19432121,0
0xefdbb83da324dcdadf7666087cc413a1d1544cd69565d873854c60bf0a16d6b6,0
0x2d1ee9dd3f385a77c48833cef8142f2cdc5010333e1cff49f1134e6644cfb053,0
0x8f2ef092c5199a56ef425e348c3f56a20548b726c1058bf3729b781bca5089c8,0
0x192a488c2ff1c5c686161fc742dda0b38d738f47b7a6c3a5d86cfd24b6a20826,0
0x1697d1bd5ab87a246571186262cf5111cb469b60b9798d70a1fe307d3252c76c,0
0x8f6c97bde3475f45c2972fc3c5e811a2b943e67b39629733c65840d6041e6e6a,0
0x263855ebfe85a1532ffd3ef21dee111378be8514,1
