{
    "node_frequency": {
        "CONST": 340732,
        "JUMPDEST": 100954,
        "ADD": 70741,
        "JUMP": 59529,
        "MSTORE": 43044,
        "JUMPI": 37911,
        "ISZERO": 36770,
        "MLOAD": 35956,
        "AND": 33968,
        "SUB": 24081,
        "REVERT": 19129,
        "RETURNDATASIZE": 18589,
        "SHL": 18103,
        "SLOAD": 10940,
        "NOT": 8142,
        "GAS": 7189,
        "EQ": 6960,
        "MISSING": 6300,
        "RETURNDATACOPY": 6175,
        "LT": 5786,
        "MUL": 5670,
        "GT": 5275,
        "EXP": 4914,
        "CALL": 4710,
        "DIV": 4463,
        "CALLDATALOAD": 4255,
        "EXTCODESIZE": 4122,
        "SLT": 3736,
        "SSTORE": 3424,
        "OR": 3087,
        "STATICCALL": 2615,
        "CALLVALUE": 2326,
        "CALLDATASIZE": 2136,
        "CALLER": 1650,
        "SHR": 1572,
        "ADDRESS": 1314,
        "SHA3": 1264,
        "STOP": 1241,
        "CODECOPY": 1213,
        "RETURN": 1176,
        "CALLDATACOPY": 771,
        "INVALID": 679,
        "LOG": 445,
        "ORIGIN": 384,
        "SIGNEXTEND": 210,
        "CODESIZE": 199,
        "NOP": 198,
        "ADDMOD": 198,
        "CREATE": 172,
        "SGT": 159,
        "BYTE": 128,
        "DELEGATECALL": 120,
        "BALANCE": 82,
        "SELFDESTRUCT": 79,
        "TIMESTAMP": 69,
        "MOD": 69,
        "SDIV": 65,
        "XOR": 63,
        "MSTORE8": 63,
        "COINBASE": 56,
        "CREATE2": 43,
        "NUMBER": 41,
        "SMOD": 38,
        "GASPRICE": 27,
        "EXTCODEHASH": 27,
        "EXTCODECOPY": 25,
        "MULMOD": 25,
        "BLOCKHASH": 21,
        "GASLIMIT": 19,
        "SAR": 15,
        "DIFFICULTY": 12,
        "CALLCODE": 10,
        "PC": 9,
        "MSIZE": 3
    },
    "edge_frequency": {
        "0": 585750,
        "1": 153053,
        "2": 82490
    },
    "average_node_frequency": {
        "CONST": 928.425068119891,
        "JUMPDEST": 275.0790190735695,
        "ADD": 192.75476839237058,
        "JUMP": 162.20435967302453,
        "MSTORE": 117.28610354223433,
        "JUMPI": 103.29972752043597,
        "ISZERO": 100.19073569482289,
        "MLOAD": 97.97275204359673,
        "AND": 92.5558583106267,
        "SUB": 65.6158038147139,
        "REVERT": 52.12261580381471,
        "RETURNDATASIZE": 50.65122615803815,
        "SHL": 49.32697547683924,
        "SLOAD": 29.809264305177113,
        "NOT": 22.185286103542236,
        "GAS": 19.588555858310627,
        "EQ": 18.96457765667575,
        "MISSING": 17.166212534059945,
        "RETURNDATACOPY": 16.825613079019075,
        "LT": 15.76566757493188,
        "MUL": 15.449591280653951,
        "GT": 14.373297002724795,
        "EXP": 13.389645776566757,
        "CALL": 12.833787465940054,
        "DIV": 12.160762942779291,
        "CALLDATALOAD": 11.59400544959128,
        "EXTCODESIZE": 11.231607629427794,
        "SLT": 10.17983651226158,
        "SSTORE": 9.329700272479563,
        "OR": 8.411444141689373,
        "STATICCALL": 7.125340599455041,
        "CALLVALUE": 6.337874659400545,
        "CALLDATASIZE": 5.820163487738419,
        "CALLER": 4.4959128065395095,
        "SHR": 4.283378746594005,
        "ADDRESS": 3.5803814713896456,
        "SHA3": 3.444141689373297,
        "STOP": 3.3814713896457764,
        "CODECOPY": 3.3051771117166213,
        "RETURN": 3.204359673024523,
        "CALLDATACOPY": 2.100817438692098,
        "INVALID": 1.8501362397820162,
        "LOG": 1.2125340599455041,
        "ORIGIN": 1.0463215258855585,
        "SIGNEXTEND": 0.5722070844686649,
        "CODESIZE": 0.5422343324250681,
        "NOP": 0.5395095367847411,
        "ADDMOD": 0.5395095367847411,
        "CREATE": 0.46866485013623976,
        "SGT": 0.4332425068119891,
        "BYTE": 0.34877384196185285,
        "DELEGATECALL": 0.32697547683923706,
        "BALANCE": 0.22343324250681199,
        "SELFDESTRUCT": 0.21525885558583105,
        "TIMESTAMP": 0.1880108991825613,
        "MOD": 0.1880108991825613,
        "SDIV": 0.1771117166212534,
        "XOR": 0.17166212534059946,
        "MSTORE8": 0.17166212534059946,
        "COINBASE": 0.15258855585831063,
        "CREATE2": 0.11716621253405994,
        "NUMBER": 0.11171662125340599,
        "SMOD": 0.10354223433242507,
        "GASPRICE": 0.07356948228882834,
        "EXTCODEHASH": 0.07356948228882834,
        "EXTCODECOPY": 0.0681198910081744,
        "MULMOD": 0.0681198910081744,
        "BLOCKHASH": 0.05722070844686648,
        "GASLIMIT": 0.051771117166212535,
        "SAR": 0.04087193460490463,
        "DIFFICULTY": 0.0326975476839237,
        "CALLCODE": 0.027247956403269755,
        "PC": 0.02452316076294278,
        "MSIZE": 0.008174386920980926
    },
    "average_edge_frequency": {
        "0": 1596.0490463215258,
        "1": 417.0381471389646,
        "2": 224.7683923705722
    }
}