{
    "node_frequency": {
        "CONST": 4197431,
        "JUMPDEST": 950097,
        "ADD": 804548,
        "MSTORE": 669796,
        "JUMP": 495959,
        "AND": 489871,
        "JUMPI": 468107,
        "MLOAD": 396375,
        "ISZERO": 357938,
        "SUB": 346801,
        "SHL": 233596,
        "REVERT": 203515,
        "SLOAD": 177149,
        "EQ": 126734,
        "SSTORE": 101370,
        "SHA3": 93754,
        "LT": 86973,
        "GT": 78078,
        "DIV": 71351,
        "MUL": 68308,
        "CALLDATALOAD": 67938,
        "NOT": 62026,
        "RETURNDATASIZE": 60814,
        "OR": 48884,
        "EXP": 40698,
        "CALLVALUE": 37663,
        "SIGNEXTEND": 33862,
        "CALLDATASIZE": 33176,
        "CALLER": 32155,
        "SHR": 27269,
        "RETURN": 24867,
        "INVALID": 23390,
        "LOG": 23176,
        "RETURNDATACOPY": 20607,
        "GAS": 20578,
        "EXTCODESIZE": 18518,
        "CODECOPY": 16112,
        "ADDRESS": 15522,
        "SLT": 15454,
        "STATICCALL": 12947,
        "CALL": 7833,
        "STOP": 7523,
        "CALLDATACOPY": 7037,
        "TIMESTAMP": 4761,
        "MOD": 3163,
        "SDIV": 2621,
        "GASLIMIT": 2331,
        "SGT": 1910,
        "DIFFICULTY": 1499,
        "GASPRICE": 1416,
        "NOP": 1271,
        "CODESIZE": 1207,
        "SMOD": 1031,
        "MSTORE8": 1024,
        "MSIZE": 969,
        "NUMBER": 949,
        "DELEGATECALL": 934,
        "BYTE": 871,
        "MULMOD": 733,
        "ORIGIN": 724,
        "SAR": 656,
        "BALANCE": 644,
        "XOR": 520,
        "MISSING": 512,
        "ADDMOD": 506,
        "CREATE2": 317,
        "EXTCODEHASH": 276,
        "BLOCKHASH": 214,
        "PC": 153,
        "COINBASE": 145,
        "CREATE": 144,
        "CALLCODE": 133,
        "SELFDESTRUCT": 97,
        "EXTCODECOPY": 82
    },
    "edge_frequency": {
        "0": 7701053,
        "1": 1599370,
        "2": 951696
    },
    "average_node_frequency": {
        "CONST": 1458.9610705596108,
        "JUMPDEST": 330.2387904066736,
        "ADD": 279.6482446993396,
        "MSTORE": 232.8105665623914,
        "JUMP": 172.387556482447,
        "AND": 170.27146332985748,
        "JUMPI": 162.70663885992354,
        "MLOAD": 137.77372262773721,
        "ISZERO": 124.41362530413625,
        "SUB": 120.54257907542579,
        "SHL": 81.19429961765728,
        "REVERT": 70.73861661452902,
        "SLOAD": 61.57420924574209,
        "EQ": 44.05074730622176,
        "SSTORE": 35.23461939520334,
        "SHA3": 32.587417448731316,
        "LT": 30.230448383733055,
        "GT": 27.138686131386862,
        "DIV": 24.800486618004864,
        "MUL": 23.742787625999306,
        "CALLDATALOAD": 23.61418143899896,
        "NOT": 21.559263121306916,
        "RETURNDATASIZE": 21.13799096280848,
        "OR": 16.991310392770245,
        "EXP": 14.145985401459853,
        "CALLVALUE": 13.091067083767813,
        "SIGNEXTEND": 11.769899200556134,
        "CALLDATASIZE": 11.531456378171706,
        "CALLER": 11.176572818908586,
        "SHR": 9.478275981925616,
        "RETURN": 8.643378519290929,
        "INVALID": 8.129996524157107,
        "LOG": 8.05561348627042,
        "RETURNDATACOPY": 7.16266944734098,
        "GAS": 7.152589502954466,
        "EXTCODESIZE": 6.436565867222802,
        "CODECOPY": 5.600278067431352,
        "ADDRESS": 5.3952033368091765,
        "SLT": 5.371567605144247,
        "STATICCALL": 4.5001737921445955,
        "CALL": 2.7226277372262775,
        "STOP": 2.6148766075773375,
        "CALLDATACOPY": 2.445950643030935,
        "TIMESTAMP": 1.6548488008342024,
        "MOD": 1.0994091067083769,
        "SDIV": 0.9110184219673271,
        "GASLIMIT": 0.8102189781021898,
        "SGT": 0.6638859923531456,
        "DIFFICULTY": 0.5210288494960028,
        "GASPRICE": 0.4921793534932221,
        "NOP": 0.4417796315606535,
        "CODESIZE": 0.4195342370524852,
        "SMOD": 0.3583594021550226,
        "MSTORE8": 0.3559263121306917,
        "MSIZE": 0.3368091762252346,
        "NUMBER": 0.32985749044143203,
        "DELEGATECALL": 0.3246437261035801,
        "BYTE": 0.30274591588460203,
        "MULMOD": 0.2547792839763643,
        "ORIGIN": 0.25165102537365314,
        "SAR": 0.22801529370872436,
        "BALANCE": 0.22384428223844283,
        "XOR": 0.18074383037886688,
        "MISSING": 0.17796315606534585,
        "ADDMOD": 0.17587765033020508,
        "CREATE2": 0.11018421967327077,
        "EXTCODEHASH": 0.09593326381647549,
        "BLOCKHASH": 0.07438303788668753,
        "PC": 0.053180396246089674,
        "COINBASE": 0.05039972193256865,
        "CREATE": 0.05005213764337852,
        "CALLCODE": 0.046228710462287104,
        "SELFDESTRUCT": 0.033715676051442475,
        "EXTCODECOPY": 0.028501911713590546
    },
    "average_edge_frequency": {
        "0": 2676.7650330205074,
        "1": 555.915884602016,
        "2": 330.79457768508865
    }
}